-- MySQL dump 10.13  Distrib 5.7.42, for Linux (x86_64)
--
-- Host: localhost    Database: beego
-- ------------------------------------------------------
-- Server version	5.7.42-0ubuntu0.18.04.1

/*!40101 SET @OLD_CHARACTER_SET_CLIENT=@@CHARACTER_SET_CLIENT */;
/*!40101 SET @OLD_CHARACTER_SET_RESULTS=@@CHARACTER_SET_RESULTS */;
/*!40101 SET @OLD_COLLATION_CONNECTION=@@COLLATION_CONNECTION */;
/*!40101 SET NAMES utf8 */;
/*!40103 SET @OLD_TIME_ZONE=@@TIME_ZONE */;
/*!40103 SET TIME_ZONE='+00:00' */;
/*!40014 SET @OLD_UNIQUE_CHECKS=@@UNIQUE_CHECKS, UNIQUE_CHECKS=0 */;
/*!40014 SET @OLD_FOREIGN_KEY_CHECKS=@@FOREIGN_KEY_CHECKS, FOREIGN_KEY_CHECKS=0 */;
/*!40101 SET @OLD_SQL_MODE=@@SQL_MODE, SQL_MODE='NO_AUTO_VALUE_ON_ZERO' */;
/*!40111 SET @OLD_SQL_NOTES=@@SQL_NOTES, SQL_NOTES=0 */;

--
-- Table structure for table `access`
--

DROP TABLE IF EXISTS `access`;
/*!40101 SET @saved_cs_client     = @@character_set_client */;
/*!40101 SET character_set_client = utf8 */;
CREATE TABLE `access` (
  `id` int(11) NOT NULL AUTO_INCREMENT,
  `module_name` varchar(255) DEFAULT '0',
  `type` tinyint(1) DEFAULT NULL,
  `action_name` varchar(255) DEFAULT NULL,
  `url` varchar(255) DEFAULT NULL,
  `module_id` int(11) DEFAULT NULL,
  `sort` int(11) DEFAULT NULL,
  `description` varchar(255) DEFAULT NULL,
  `add_time` int(11) DEFAULT NULL,
  `status` int(11) DEFAULT NULL,
  PRIMARY KEY (`id`) USING BTREE
) ENGINE=InnoDB AUTO_INCREMENT=148 DEFAULT CHARSET=utf8 ROW_FORMAT=DYNAMIC;
/*!40101 SET character_set_client = @saved_cs_client */;

--
-- Dumping data for table `access`
--

LOCK TABLES `access` WRITE;
/*!40000 ALTER TABLE `access` DISABLE KEYS */;
INSERT INTO `access` VALUES (37,'橡胶林无人机管理',3,'橡胶林类型属性管理','/goodsTypeAttr',96,100,'',1637137142,1),(38,'橡胶林无人机管理',3,'增加橡胶林类型属性','/goodsTypeAttr/add',96,100,'',1637137159,1),(39,'橡胶林无人机管理',3,'修改橡胶林类型属性','/goodsTypeAttr/edit',96,100,'',1637137171,1),(40,'橡胶林无人机管理',3,'执行增加 橡胶林类型属性','/goodsTypeAttr/doAdd',96,100,'',1637137296,1),(41,'橡胶林无人机管理',3,'执行修改 橡胶林类型属性','/goodsTypeAttr/doEdit',96,100,'',1637137320,1),(52,'管理员管理',1,'','',0,1000,'管理员管理',0,1),(53,'部门管理',1,'部门管理','',0,999,'部门管理',1637029994,1),(54,'管理员管理',2,'管理员列表','/manager',52,100,'管理员列表',0,1),(55,'管理员管理',2,'增加管理员','/manager/add',52,100,'管理员列表',0,1),(56,'管理员管理',3,'编辑管理员','/manager/edit',52,100,'编辑管理员',0,1),(57,'管理员管理',3,'删除管理员','/manager/delete',52,100,'删除管理员',0,1),(59,'部门管理',2,'部门列表','/role',53,100,'角色列表',1637030401,1),(60,'部门管理',2,'增加部门','/role/add',53,100,'增加部门',1637030423,1),(64,'权限管理',2,'权限列表','/access',74,100,'',0,1),(65,'权限管理',2,'增加权限','/access/add',74,100,'增加权限',0,1),(72,'部门管理',3,'编辑部门','/role/edit',53,100,'编辑部门',1637030440,1),(73,'部门管理',3,'删除部门','/role/delete',53,100,'删除部门',1637030482,1),(74,'权限管理',1,'','',0,998,'权限管理',0,1),(78,'管理员管理',3,'执行增加','/manager/doAdd',52,100,'执行增加',0,1),(79,'管理员管理',3,'执行修改','/manager/doEdit',52,100,'',0,1),(80,'部门管理',3,'执行修改','/role/doEdit',53,100,'',1637030504,1),(81,'部门管理',3,'执行增加','/role/doAdd',53,100,'',1637030524,1),(82,'部门管理',3,'授权','/role/auth',53,100,'',1637030537,1),(83,'部门管理',3,'执行授权','/role/doAuth',53,100,'',1637030563,1),(85,'权限管理',3,'修改权限','/access/edit',74,100,'修改权限',0,1),(86,'权限管理',3,'执行增加','/access/doAdd',74,100,'',0,1),(87,'权限管理',3,'执行修改','/access/doEdit',74,100,'',0,1),(88,'权限管理',3,'删除权限','/access/delete',74,100,'',0,1),(89,'橡树种类管理',1,'橡树种类管理','',0,111,'橡胶树种类管理',1654140891,1),(90,'橡胶树种类管理',2,'橡树种类列表','/focus',89,100,'',1654140877,1),(91,'橡胶树种类管理',2,'增加橡树种类','/focus/add',89,100,'增加橡胶树种类',1654140833,1),(92,'橡胶树种类管理',3,'修改橡胶树种类','/focus/edit',89,100,'执行修改',1654140682,1),(93,'橡胶树种类管理',3,'执行增加','/focus/doAdd',89,100,'执行增加',1654140709,1),(94,'橡胶树种类管理',3,'执行修改','/focus/doEdit',89,100,'执行修改',1654140778,1),(95,'橡胶树种类管理',3,'执行删除','/focus/delete',89,100,'执行删除',1654140790,1),(96,'橡胶林无人机管理',1,'橡胶林管理','',0,100,'',1640660310,1),(97,'橡胶林管理无人机',2,'无人机列表','/goods',96,100,'',1640680124,1),(98,'橡胶林无人机管理',2,'橡胶林分类','/goodsCate',96,100,'橡胶林分类',1640680141,1),(99,'橡胶林无人机管理',3,'增加橡胶林分类','/goodsCate/add',96,100,'增加橡胶林分类',1640680158,1),(100,'橡胶林无人机管理',3,'修改橡胶林分类','/goodsCate/edit',96,100,'修改橡胶林分类',1640680170,1),(101,'橡胶林无人机管理',3,'执行增加橡胶林分类','/goodsCate/doAdd',96,100,'执行增加',1640680181,1),(102,'橡胶林无人机管理',3,'执行修改橡胶林分类','/goodsCate/doEdit',96,100,'执行修改',1640680191,1),(103,'橡胶林无人机管理',3,'删除橡胶林分类','/goodsCate/delete',96,100,'删除橡胶林分类',1640680200,1),(104,'橡胶林无人机管理',2,'无人机类型','/goodsType',96,100,'',1649035886,1),(105,'橡胶林无人机管理',3,'增加橡胶林类型','/goodsType/add',96,100,'',1640680218,1),(106,'橡胶林无人机管理',3,'橡胶林类型-执行增加','/goodsType/doAdd',96,100,'',1640680226,1),(108,'橡胶林无人机管理',3,'修改橡胶林类型','/goodsType/edit',96,100,'',1640680235,1),(109,'橡胶林无人机管理',3,'删除橡胶林类型','/goodsType/delete',96,100,'',1640680243,1),(110,'橡胶林无人机管理',3,'橡胶林类型-执行修改','/goodsType/doEdit',96,100,'执行修改',1640680249,1),(111,'橡胶林无人机管理',3,'增加无人机','/goods/add',96,100,'增加无人机',1640680256,1),(112,'橡胶林无人机管理',3,'修改无人机','/goods/edit',96,100,'修改无人机',1640680425,1),(113,'橡胶林无人机管理',3,'删除无人机','/goods/delete',96,100,'删除无人机',1640680432,1),(114,'橡胶林无人机管理',3,'执行-增加无人机','/goods/doAdd',96,100,'执行-增加无人机',1640680444,1),(115,'橡胶林无人机管理',3,'执行-修改无人机','/goods/doEdit',96,100,'执行-修改无人机',1640680451,1),(116,'其它配置',1,'','',0,100,'',0,1),(117,'其它配置',2,'导航管理','/nav',116,100,'导航管理',0,1),(118,'其它配置',3,'增加导航','/nav/add',116,100,'/nav/add',0,1),(119,'其它配置',3,'修改导航','/nav/edit',116,100,'',0,1),(120,'其它配置',3,'导航-执行增加','/nav/doAdd',116,100,'',0,1),(121,'其它配置',3,'导航-执行修改','/nav/doEdit',116,100,'',0,1),(122,'其它配置',3,'删除导航','/nav/delete',116,100,'',0,1),(123,'其它配置',2,'系统设置','/setting',116,100,'',0,1),(124,'订单信息管理',1,'订单信息管理','',0,100,'',1677555345,1),(134,'需求分析',2,'需求分析','/demandAnalysis',124,110,'',1659507460,1),(135,'订单审核',2,'订单审核','/responseManagement',124,109,'',1677555302,1),(136,'植保管理',2,'植保管理','/treeInformation',124,100,'',1677555961,1),(137,'协议签订',2,'协议签订','/signContract',124,108,'',1659507488,1),(138,'用户管理',1,'用户管理','用户管理',0,995,'前端 用户管理',0,1),(139,'用户信息列表',2,'用户信息列表','/frontUser',138,100,'',1633162543,1),(141,'用户权限管理',2,'用户权限管理','/frontUserProperty',138,100,'用户权限管理',1660199798,1),(143,'效果评估',1,'效果评估','效果评估',0,100,'需求响应-效果评估',0,0),(144,'激励信息',2,'激励信息','/treeInformation/cheat',124,100,'激励信息',1678090537,1),(145,'效果评估列表',2,'效果评估列表','效果评估列表',143,100,'效果评估列表',0,1),(147,'竞价博弈',1,'竞价博弈','竞价博弈',124,100,'竞价博弈 信息',0,1);
/*!40000 ALTER TABLE `access` ENABLE KEYS */;
UNLOCK TABLES;

--
-- Table structure for table `address`
--

DROP TABLE IF EXISTS `address`;
/*!40101 SET @saved_cs_client     = @@character_set_client */;
/*!40101 SET character_set_client = utf8 */;
CREATE TABLE `address` (
  `id` int(11) NOT NULL AUTO_INCREMENT,
  `uid` int(11) DEFAULT NULL,
  `name` varchar(255) DEFAULT NULL,
  `phone` varchar(11) DEFAULT NULL,
  `address` varchar(255) DEFAULT NULL,
  `default_address` tinyint(1) DEFAULT NULL,
  `add_time` int(11) DEFAULT NULL,
  `zipcode` varchar(6) DEFAULT NULL,
  PRIMARY KEY (`id`) USING BTREE
) ENGINE=InnoDB AUTO_INCREMENT=50 DEFAULT CHARSET=utf8 ROW_FORMAT=DYNAMIC;
/*!40101 SET character_set_client = @saved_cs_client */;

--
-- Dumping data for table `address`
--

LOCK TABLES `address` WRITE;
/*!40000 ALTER TABLE `address` DISABLE KEYS */;
INSERT INTO `address` VALUES (34,10,'zxq','15505111521','hyit',0,0,'221700'),(35,10,'d000','12345678910','12345678910',0,1632488096,'11111'),(36,10,'a0000','12345678910','12345678910',0,1632484726,'221700'),(37,10,'a','12345678910','qwqwq',0,0,'qwqwq'),(38,10,'c','12345678910','qwqwq',0,0,'qwqwq'),(39,10,'f0','12345678910','0000',0,1632485587,'0000'),(40,10,'sd00000','12345678910','qwqwq',0,1632484752,'qwqwq'),(45,10,'121231','12345678910','11',0,1632486515,'11'),(48,10,'qqq','12345678910','1231',0,1632487369,'1231'),(49,10,'c2121','12345678910','123',1,1633747617,'12');
/*!40000 ALTER TABLE `address` ENABLE KEYS */;
UNLOCK TABLES;

--
-- Table structure for table `cart`
--

DROP TABLE IF EXISTS `cart`;
/*!40101 SET @saved_cs_client     = @@character_set_client */;
/*!40101 SET character_set_client = utf8 */;
CREATE TABLE `cart` (
  `id` int(11) NOT NULL AUTO_INCREMENT,
  `title` varchar(255) DEFAULT NULL,
  `price` decimal(11,2) DEFAULT NULL,
  `goods_version` varchar(255) DEFAULT NULL,
  `num` int(11) DEFAULT NULL,
  `goods_gift` varchar(255) DEFAULT NULL,
  `goods_fitting` varchar(255) DEFAULT NULL,
  `goods_color` varchar(255) DEFAULT NULL,
  `goods_img` varchar(255) DEFAULT NULL,
  `goods_attr` varchar(1024) DEFAULT NULL,
  PRIMARY KEY (`id`) USING BTREE
) ENGINE=InnoDB DEFAULT CHARSET=utf8 ROW_FORMAT=DYNAMIC;
/*!40101 SET character_set_client = @saved_cs_client */;

--
-- Dumping data for table `cart`
--

LOCK TABLES `cart` WRITE;
/*!40000 ALTER TABLE `cart` DISABLE KEYS */;
/*!40000 ALTER TABLE `cart` ENABLE KEYS */;
UNLOCK TABLES;

--
-- Table structure for table `demand`
--

DROP TABLE IF EXISTS `demand`;
/*!40101 SET @saved_cs_client     = @@character_set_client */;
/*!40101 SET character_set_client = utf8 */;
CREATE TABLE `demand` (
  `id` int(25) NOT NULL AUTO_INCREMENT,
  `uid` int(25) NOT NULL,
  `sid` int(25) DEFAULT NULL,
  `did` int(25) DEFAULT NULL,
  `user_type` tinyint(1) NOT NULL,
  `name` varchar(255) DEFAULT NULL,
  `phone` varchar(11) DEFAULT NULL,
  `address` varchar(255) DEFAULT NULL,
  `process_time` int(11) DEFAULT NULL,
  `finish_time` int(11) DEFAULT NULL,
  `order_status` int(4) DEFAULT NULL,
  `add_time` int(11) DEFAULT NULL,
  PRIMARY KEY (`id`) USING BTREE
) ENGINE=InnoDB DEFAULT CHARSET=utf8 ROW_FORMAT=DYNAMIC;
/*!40101 SET character_set_client = @saved_cs_client */;

--
-- Dumping data for table `demand`
--

LOCK TABLES `demand` WRITE;
/*!40000 ALTER TABLE `demand` DISABLE KEYS */;
/*!40000 ALTER TABLE `demand` ENABLE KEYS */;
UNLOCK TABLES;

--
-- Table structure for table `dsm_s_user`
--

DROP TABLE IF EXISTS `dsm_s_user`;
/*!40101 SET @saved_cs_client     = @@character_set_client */;
/*!40101 SET character_set_client = utf8 */;
CREATE TABLE `dsm_s_user` (
  `id` int(11) NOT NULL AUTO_INCREMENT,
  `username` varchar(255) DEFAULT NULL,
  `user_id` int(22) DEFAULT NULL,
  `area` varchar(255) DEFAULT NULL,
  `signed_int` varchar(255) DEFAULT NULL,
  `company_id` varchar(11) DEFAULT NULL,
  `device_id` int(11) DEFAULT NULL,
  `add_time` int(11) DEFAULT NULL,
  `status` tinyint(4) DEFAULT NULL,
  PRIMARY KEY (`id`) USING BTREE
) ENGINE=InnoDB AUTO_INCREMENT=4 DEFAULT CHARSET=utf8 ROW_FORMAT=DYNAMIC;
/*!40101 SET character_set_client = @saved_cs_client */;

--
-- Dumping data for table `dsm_s_user`
--

LOCK TABLES `dsm_s_user` WRITE;
/*!40000 ALTER TABLE `dsm_s_user` DISABLE KEYS */;
INSERT INTO `dsm_s_user` VALUES (1,'亚特兰小二',1642307942,'东海','东部集成商','16',11,1642307931,0),(2,'亚特兰小三',1642307943,'西海','西部集成商','16',12,1642307931,0),(3,'亚特兰小四',1642307944,'南海','南部集成商','16',13,1642307931,0);
/*!40000 ALTER TABLE `dsm_s_user` ENABLE KEYS */;
UNLOCK TABLES;

--
-- Table structure for table `dsm_user_device`
--

DROP TABLE IF EXISTS `dsm_user_device`;
/*!40101 SET @saved_cs_client     = @@character_set_client */;
/*!40101 SET character_set_client = utf8 */;
CREATE TABLE `dsm_user_device` (
  `id` int(11) NOT NULL AUTO_INCREMENT,
  `next_device` varchar(255) DEFAULT NULL,
  `next_point` int(25) DEFAULT NULL,
  `next_volume` decimal(50,0) DEFAULT NULL,
  `next_see` tinyint(1) DEFAULT NULL,
  `next_join` tinyint(1) DEFAULT NULL,
  `next_method` tinyint(1) DEFAULT NULL,
  `t_uid` int(22) DEFAULT NULL,
  `next_respond` decimal(50,0) DEFAULT NULL,
  `status` tinyint(4) DEFAULT NULL,
  `add_time` int(11) DEFAULT NULL,
  `sub_device_id` int(22) DEFAULT NULL,
  PRIMARY KEY (`id`) USING BTREE
) ENGINE=InnoDB AUTO_INCREMENT=4 DEFAULT CHARSET=utf8 ROW_FORMAT=DYNAMIC;
/*!40101 SET character_set_client = @saved_cs_client */;

--
-- Dumping data for table `dsm_user_device`
--

LOCK TABLES `dsm_user_device` WRITE;
/*!40000 ALTER TABLE `dsm_user_device` DISABLE KEYS */;
INSERT INTO `dsm_user_device` VALUES (1,'1号小型无人机',10001,32000,1,1,1,1642307941,32000,0,1641883786,NULL),(2,'2号中型无人机',10002,20000,1,1,1,1642307941,20000,0,1641883786,NULL),(3,'3号大型无人机',10003,15000,1,1,1,1642307941,15000,0,1641883786,NULL);
/*!40000 ALTER TABLE `dsm_user_device` ENABLE KEYS */;
UNLOCK TABLES;

--
-- Table structure for table `focus`
--

DROP TABLE IF EXISTS `focus`;
/*!40101 SET @saved_cs_client     = @@character_set_client */;
/*!40101 SET character_set_client = utf8 */;
CREATE TABLE `focus` (
  `id` int(11) NOT NULL AUTO_INCREMENT,
  `title` varchar(255) DEFAULT NULL,
  `focus_type` tinyint(1) DEFAULT NULL,
  `focus_img` varchar(255) DEFAULT NULL,
  `link` varchar(255) DEFAULT NULL,
  `sort` int(11) DEFAULT NULL,
  `status` tinyint(1) DEFAULT NULL,
  `add_time` int(11) DEFAULT NULL,
  PRIMARY KEY (`id`) USING BTREE
) ENGINE=InnoDB AUTO_INCREMENT=26 DEFAULT CHARSET=utf8 ROW_FORMAT=DYNAMIC;
/*!40101 SET character_set_client = @saved_cs_client */;

--
-- Dumping data for table `focus`
--

LOCK TABLES `focus` WRITE;
/*!40000 ALTER TABLE `focus` DISABLE KEYS */;
INSERT INTO `focus` VALUES (13,'红关公橡皮树',1,'static/upPicture/20220605/红关公橡皮树林区_1654416034293544000.jpeg','株高可达30米，枝干易生气根，体内有白色乳液。叶椭圆形，先端突尖，全缘，厚革质，叶片上散布深红色斑块，叶背为红色。性喜高温多湿，生育适温约22~32℃。',1000,1,1630572883),(14,'印度胶树',1,'static/upPicture/20220605/印度胶树_1654416091547686800.jpeg','乔木，高达20-30米，胸径25-40厘米；树皮灰白色，平滑；幼小时附生，小枝粗壮。叶厚革质，长圆形至椭圆形。',1000,1,1630572920),(15,'小叶橡皮树',2,'static/upPicture/20220605/小叶橡皮树_1654416100140243000.jpeg','小叶橡皮树是橡皮树的矮生种，株高为2米左右，茎干直立，分枝角度大，树冠开张铺散，树干褐黄色或浅褐黄色，多年生植株灰褐或黑灰色，当年新生枝绿色。',1000,1,1630572940),(16,'黑金刚橡皮树',2,'static/upPicture/20220605/黑金刚橡皮树_1654416106410773600.jpeg','黑金刚橡皮树树冠较大，树皮为灰白色。叶片具长柄，长8-30厘米，宽7-9厘米。',1000,1,1630572961),(23,'花叶橡皮树',1,'static/upPicture/20220605/花叶橡皮树林区_1654416043272005200.jpeg','花叶橡皮树是常绿大乔木，树皮光滑，叶椭圆形，长10-30厘米。叶片宽大而有光泽，具有美丽的色斑，树形丰茂而端庄。',1000,1,1654134954),(24,'圆叶橡皮树',1,'static/upPicture/20220605/圆叶橡皮树_1654416127805684900.jpeg','圆叶橡皮树叶片宽大椭圆形，厚革质，长可达35厘米，宽可达12厘米，先端近圆形，具微尖或尖，基部规整半圆形，主脉明显，侧脉丰富，叶片绿色中带有红色。',1000,1,1654136204),(25,'白叶黄边橡皮树',1,'static/upPicture/20220605/白叶黄边橡皮树_1654416061853800500.jpg','白叶黄边橡皮树叶片具不规则乳白色斑块，叶缘处具有不规则淡黄色或黄色边缘。但长势相对其他品种较缓慢。',1000,1,1654136447);
/*!40000 ALTER TABLE `focus` ENABLE KEYS */;
UNLOCK TABLES;

--
-- Table structure for table `frontuserproperty`
--

DROP TABLE IF EXISTS `frontuserproperty`;
/*!40101 SET @saved_cs_client     = @@character_set_client */;
/*!40101 SET character_set_client = utf8 */;
CREATE TABLE `frontuserproperty` (
  `id` int(11) NOT NULL,
  `craft` int(11) DEFAULT NULL,
  `add_time` int(11) DEFAULT NULL,
  `west` int(11) DEFAULT NULL,
  `mid` int(11) DEFAULT NULL,
  `east` int(11) DEFAULT NULL,
  `trace` int(11) DEFAULT NULL,
  PRIMARY KEY (`id`)
) ENGINE=InnoDB DEFAULT CHARSET=utf8 COLLATE=utf8_bin;
/*!40101 SET character_set_client = @saved_cs_client */;

--
-- Dumping data for table `frontuserproperty`
--

LOCK TABLES `frontuserproperty` WRITE;
/*!40000 ALTER TABLE `frontuserproperty` DISABLE KEYS */;
INSERT INTO `frontuserproperty` VALUES (7,1,2,1,1,2,1);
/*!40000 ALTER TABLE `frontuserproperty` ENABLE KEYS */;
UNLOCK TABLES;

--
-- Table structure for table `goods`
--

DROP TABLE IF EXISTS `goods`;
/*!40101 SET @saved_cs_client     = @@character_set_client */;
/*!40101 SET character_set_client = utf8 */;
CREATE TABLE `goods` (
  `id` int(11) NOT NULL AUTO_INCREMENT,
  `title` varchar(255) DEFAULT NULL,
  `sub_title` varchar(255) DEFAULT NULL,
  `goods_sn` varchar(255) DEFAULT NULL,
  `cate_id` int(11) DEFAULT NULL,
  `click_count` int(11) DEFAULT NULL,
  `goods_number` int(11) DEFAULT NULL,
  `price` varchar(255) DEFAULT NULL,
  `market_price` varchar(255) DEFAULT NULL,
  `relation_goods` varchar(255) DEFAULT NULL,
  `goods_attr` varchar(1024) DEFAULT NULL,
  `goods_color` varchar(255) DEFAULT NULL,
  `goods_version` varchar(255) DEFAULT NULL,
  `goods_img` varchar(255) DEFAULT NULL,
  `goods_gift` varchar(255) DEFAULT NULL,
  `goods_fitting` varchar(255) DEFAULT NULL,
  `goods_keywords` varchar(255) DEFAULT NULL,
  `goods_desc` varchar(255) DEFAULT NULL,
  `goods_content` text,
  `is_delete` tinyint(4) DEFAULT NULL,
  `is_hot` tinyint(4) DEFAULT NULL,
  `is_best` tinyint(4) DEFAULT NULL,
  `is_new` tinyint(4) DEFAULT NULL,
  `goods_type_id` int(11) DEFAULT NULL,
  `sort` int(11) DEFAULT NULL,
  `status` tinyint(4) DEFAULT NULL,
  `add_time` int(11) DEFAULT NULL,
  PRIMARY KEY (`id`) USING BTREE
) ENGINE=InnoDB AUTO_INCREMENT=16 DEFAULT CHARSET=utf8 ROW_FORMAT=DYNAMIC;
/*!40101 SET character_set_client = @saved_cs_client */;

--
-- Dumping data for table `goods`
--

LOCK TABLES `goods` WRITE;
/*!40000 ALTER TABLE `goods` DISABLE KEYS */;
INSERT INTO `goods` VALUES (1,'割胶收胶工作','航行','',34,100,10,'1','1','','','','','','','','','','<p data-f-id=\"pbf\" style=\"text-align: center; font-size: 14px; margin-top: 30px; opacity: 0.65; font-family: sans-serif;\">Powered by <a href=\"https://www.froala.com/wysiwyg-editor?pb=1\" title=\"Froala Editor\">Froala Editor</a></p>',1,1,1,1,7,0,0,0),(2,'割胶收胶工作','航行','',34,100,5,'2','2','','','','','','','','','','<p data-f-id=\"pbf\" style=\"text-align: center; font-size: 14px; margin-top: 30px; opacity: 0.65; font-family: sans-serif;\">Powered by <a href=\"https://www.froala.com/wysiwyg-editor?pb=1\" title=\"Froala Editor\">Froala Editor</a></p>',0,1,1,1,8,0,0,0),(3,'割胶收胶工作','航行','',39,100,0,'0','0','','','','','','','','','','<p data-f-id=\"pbf\" style=\"text-align: center; font-size: 14px; margin-top: 30px; opacity: 0.65; font-family: sans-serif;\">Powered by <a href=\"https://www.froala.com/wysiwyg-editor?pb=1\" title=\"Froala Editor\">Froala Editor</a></p>',0,1,0,1,0,0,0,0),(4,'割胶收胶工作','航行','',40,100,10,'0','3','','','','','','','','','','<p data-f-id=\"pbf\" style=\"text-align: center; font-size: 14px; margin-top: 30px; opacity: 0.65; font-family: sans-serif;\">Powered by <a href=\"https://www.froala.com/wysiwyg-editor?pb=1\" title=\"Froala Editor\">Froala Editor</a></p>',0,0,1,1,0,0,0,0),(5,'割胶收胶工作','航行','',39,100,0,'0','0','','','','','','','','','','<p data-f-id=\"pbf\" style=\"text-align: center; font-size: 14px; margin-top: 30px; opacity: 0.65; font-family: sans-serif;\">Powered by <a href=\"https://www.froala.com/wysiwyg-editor?pb=1\" title=\"Froala Editor\">Froala Editor</a></p>',0,0,1,1,0,0,0,0),(6,'割胶收胶工作','航行','',34,100,10,'0','4','','','','','','','','','','<p data-f-id=\"pbf\" style=\"text-align: center; font-size: 14px; margin-top: 30px; opacity: 0.65; font-family: sans-serif;\">Powered by <a href=\"https://www.froala.com/wysiwyg-editor?pb=1\" title=\"Froala Editor\">Froala Editor</a></p>',0,0,1,1,0,0,0,0),(7,'割胶收胶工作','航行','',44,100,1,'0','0','','','','','','','','','','<p data-f-id=\"pbf\" style=\"text-align: center; font-size: 14px; margin-top: 30px; opacity: 0.65; font-family: sans-serif;\">Powered by <a href=\"https://www.froala.com/wysiwyg-editor?pb=1\" title=\"Froala Editor\">Froala Editor</a></p>',0,1,0,1,0,0,1,0),(8,'割胶收胶工作','航行','',45,100,5,'0','0','','','','','','','','','','<p data-f-id=\"pbf\" style=\"text-align: center; font-size: 14px; margin-top: 30px; opacity: 0.65; font-family: sans-serif;\">Powered by <a href=\"https://www.froala.com/wysiwyg-editor?pb=1\" title=\"Froala Editor\">Froala Editor</a></p>',0,1,0,1,0,0,1,0),(9,'割胶收胶工作','航行','',34,100,5,'0','0','','','','','','','','','','<p data-f-id=\"pbf\" style=\"text-align: center; font-size: 14px; margin-top: 30px; opacity: 0.65; font-family: sans-serif;\">Powered by <a href=\"https://www.froala.com/wysiwyg-editor?pb=1\" title=\"Froala Editor\">Froala Editor</a></p>',0,0,1,1,0,0,0,0),(10,'割胶收胶工作','航行','',34,100,10,'0','0','','','','','','','','','','<p data-f-id=\"pbf\" style=\"text-align: center; font-size: 14px; margin-top: 30px; opacity: 0.65; font-family: sans-serif;\">Powered by <a href=\"https://www.froala.com/wysiwyg-editor?pb=1\" title=\"Froala Editor\">Froala Editor</a></p>',0,1,0,1,0,0,1,0),(11,'割胶收胶工作','航行','',49,100,10,'中部区域','型号11','','','','1.0版本','static/upPicture/20210922/远程监控 _1632240135653107900.jpg','','','','','<p>情义重</p>',0,0,0,0,0,10,1,1632240135),(12,'割胶收胶工作','航行','',39,100,10,'中部区域','型号12','','','','1.0版本','static/upPicture/20210922/江上风_1632244400162956700.jpg','','','','','<p>江上风景好</p><p><img src=\"/static/upPicture/20210922/RichText__1632244352925277700.jpg\" style=\"width: 300px;\" class=\"fr-fic fr-dib\"></p>',0,1,1,1,7,10,1,1632244400),(13,'割胶收胶工作','航行','',39,100,10,'中部区域','型号13','','','','1.0版本','static/upPicture/20210922/秋天的风_1632244490502400300.jpg','','','','','<p>秋天的风</p>',0,1,1,1,7,10,1,1632244490),(14,'割胶收胶工作','航行','',39,100,10,'中部区域','型号14','','','','1.0版本','static/upPicture/20210922/风子_1632244551935071900.jpg','','','','','<p>你是风子</p>',0,1,1,1,7,10,1,1632244551),(15,'割胶收胶工作','航行','',44,100,10,'中部区域','型号15','','','','1.0版本','static/upPicture/20210922/小风_1632244637601641000.jpg','','','','','<p>小风怡情</p>',0,1,1,1,7,10,1,1632244637);
/*!40000 ALTER TABLE `goods` ENABLE KEYS */;
UNLOCK TABLES;

--
-- Table structure for table `goods_attr`
--

DROP TABLE IF EXISTS `goods_attr`;
/*!40101 SET @saved_cs_client     = @@character_set_client */;
/*!40101 SET character_set_client = utf8 */;
CREATE TABLE `goods_attr` (
  `id` int(11) NOT NULL AUTO_INCREMENT,
  `goods_id` int(11) DEFAULT NULL,
  `attribute_cate_id` int(11) DEFAULT NULL,
  `attribute_id` int(11) DEFAULT NULL,
  `attribute_title` varchar(255) DEFAULT NULL,
  `attribute_type` tinyint(1) DEFAULT NULL,
  `attribute_value` varchar(255) DEFAULT NULL,
  `sort` int(11) DEFAULT NULL,
  `add_time` int(11) DEFAULT NULL,
  `status` tinyint(1) DEFAULT NULL,
  PRIMARY KEY (`id`) USING BTREE
) ENGINE=InnoDB AUTO_INCREMENT=636 DEFAULT CHARSET=utf8 ROW_FORMAT=DYNAMIC;
/*!40101 SET character_set_client = @saved_cs_client */;

--
-- Dumping data for table `goods_attr`
--

LOCK TABLES `goods_attr` WRITE;
/*!40000 ALTER TABLE `goods_attr` DISABLE KEYS */;
INSERT INTO `goods_attr` VALUES (428,54,7,20,'能源来源',3,'风能\r\n',10,1632244637,1),(429,54,7,21,'污染',3,'无',10,1632244637,1),(430,54,7,22,'电力支持',3,'有\r\n',10,1632244637,1),(431,54,7,23,'天气情况',2,'',10,1632244637,1),(432,54,7,24,'远程传输',3,'支持\r\n',10,1632244637,1),(433,54,7,25,'实时监控',3,'是\r\n',10,1632244637,1),(434,54,7,26,'开始时间',1,'',10,1632244637,1),(435,54,7,27,'结束时间',1,'',10,1632244637,1),(440,51,7,20,'能源来源',3,'太阳能\r\n',10,1632275718,1),(441,51,7,21,'污染',3,'无',10,1632275718,1),(442,51,7,22,'电力支持',3,'有\r\n',10,1632275718,1),(443,51,7,23,'天气情况',2,'',10,1632275718,1),(444,51,7,24,'远程传输',3,'支持\r\n',10,1632275718,1),(445,51,7,25,'实时监控',3,'是\r\n',10,1632275718,1),(446,51,7,26,'开始时间',1,'',10,1632275718,1),(447,51,7,27,'结束时间',1,'',10,1632275718,1),(448,52,7,20,'能源来源',3,'太阳能\r\n',10,1632275726,1),(449,52,7,21,'污染',3,'无',10,1632275726,1),(450,52,7,22,'电力支持',3,'无',10,1632275726,1),(451,52,7,23,'天气情况',2,'',10,1632275726,1),(452,52,7,24,'远程传输',3,'支持\r\n',10,1632275726,1),(453,52,7,25,'实时监控',3,'是\r\n',10,1632275726,1),(454,52,7,26,'开始时间',1,'',10,1632275726,1),(455,52,7,27,'结束时间',1,'',10,1632275726,1),(456,53,7,20,'能源来源',3,'太阳能\r\n',10,1632275736,1),(457,53,7,21,'污染',3,'无',10,1632275736,1),(458,53,7,22,'电力支持',3,'无',10,1632275736,1),(459,53,7,23,'天气情况',2,'',10,1632275736,1),(460,53,7,24,'远程传输',3,'支持\r\n',10,1632275736,1),(461,53,7,25,'实时监控',3,'是\r\n',10,1632275736,1),(462,53,7,26,'开始时间',1,'',10,1632275736,1),(463,53,7,27,'结束时间',1,'',10,1632275736,1),(512,38,7,20,'能源来源',3,'太阳能\r\n',10,1632301163,1),(513,38,7,21,'污染',3,'有\r\n',10,1632301163,1),(514,38,7,22,'电力支持',3,'有\r\n',10,1632301163,1),(515,38,7,23,'天气情况',2,'',10,1632301163,1),(516,38,7,24,'远程传输',3,'支持\r\n',10,1632301163,1),(517,38,7,25,'实时监控',3,'是\r\n',10,1632301163,1),(518,38,7,26,'开始时间',1,'',10,1632301163,1),(519,38,7,27,'结束时间',1,'',10,1632301163,1),(520,39,8,28,'能源来源',3,'煤电',10,1632301173,1),(521,39,8,29,'污染',3,'有\r\n',10,1632301173,1),(522,39,8,30,'电力支持',3,'有\r\n',10,1632301173,1),(523,39,8,31,'天气情况',2,'天气炎热',10,1632301173,1),(524,39,8,32,'远程传输',3,'支持\r\n',10,1632301173,1),(525,39,8,33,'实时监控',3,'是\r\n',10,1632301173,1),(526,39,8,34,'开始时间',1,'2021-09-10',10,1632301173,1),(527,39,8,35,'结束时间',1,'2021-11-10',10,1632301173,1),(536,40,9,37,'发布时间',1,'',10,1632301214,1),(537,40,9,39,'发布电量',1,'',10,1632301214,1),(538,40,9,40,'预约响应电量',1,'',10,1632301214,1),(539,40,9,42,'能源类型',3,'清洁能源\r\n',10,1632301214,1),(540,45,7,20,'能源来源',3,'太阳能\r\n',10,1632301256,1),(541,45,7,21,'污染',3,'有\r\n',10,1632301256,1),(542,45,7,22,'电力支持',3,'有\r\n',10,1632301256,1),(543,45,7,23,'天气情况',2,'',10,1632301256,1),(544,45,7,24,'远程传输',3,'支持\r\n',10,1632301256,1),(545,45,7,25,'实时监控',3,'是\r\n',10,1632301256,1),(546,45,7,26,'开始时间',1,'',10,1632301256,1),(547,45,7,27,'结束时间',1,'',10,1632301256,1),(556,46,7,20,'能源来源',3,'太阳能\r\n',10,1632301277,1),(557,46,7,21,'污染',3,'无',10,1632301277,1),(558,46,7,22,'电力支持',3,'有\r\n',10,1632301277,1),(559,46,7,23,'天气情况',2,'夏天的风',10,1632301277,1),(560,46,7,24,'远程传输',3,'支持\r\n',10,1632301277,1),(561,46,7,25,'实时监控',3,'是\r\n',10,1632301277,1),(562,46,7,26,'开始时间',1,'20210910',10,1632301277,1),(563,46,7,27,'结束时间',1,'20210930',10,1632301277,1),(564,47,7,20,'能源来源',3,'太阳能\r\n',10,1632301286,1),(565,47,7,21,'污染',3,'有\r\n',10,1632301286,1),(566,47,7,22,'电力支持',3,'有\r\n',10,1632301286,1),(567,47,7,23,'天气情况',2,'',10,1632301286,1),(568,47,7,24,'远程传输',3,'支持\r\n',10,1632301286,1),(569,47,7,25,'实时监控',3,'是\r\n',10,1632301286,1),(570,47,7,26,'开始时间',1,'',10,1632301286,1),(571,47,7,27,'结束时间',1,'',10,1632301286,1),(588,41,7,20,'能源来源',3,'太阳能\r\n',10,1632313005,1),(589,41,7,21,'污染',3,'无',10,1632313005,1),(590,41,7,22,'电力支持',3,'有\r\n',10,1632313005,1),(591,41,7,23,'天气情况',2,'* 阳光充足\r\n* 时间正好\r\n* 能量很足',10,1632313005,1),(592,41,7,24,'远程传输',3,'支持\r\n',10,1632313005,1),(593,41,7,25,'实时监控',3,'是\r\n',10,1632313005,1),(594,41,7,26,'开始时间',1,'### 2021-08-10',10,1632313005,1),(595,41,7,27,'结束时间',1,'### 2021-10-10',10,1632313005,1),(612,1,7,20,'无人机状态',3,'良好\r\n',10,1659508098,1),(613,1,7,21,'电量情况',3,'满\r\n',10,1659508098,1),(614,1,7,22,'电力支持',3,'有\r\n',10,1659508098,1),(615,1,7,23,'天气情况',2,'晴天',10,1659508098,1),(616,1,7,24,'数据传输是否正常',3,'正常\r\n',10,1659508098,1),(617,1,7,25,'实时监控',3,'是\r\n',10,1659508098,1),(618,1,7,26,'开始割胶时间',1,'10:00',10,1659508098,1),(619,1,7,27,'结束割胶时间',1,'11:00',10,1659508098,1),(628,2,8,28,'无人机状态',3,'良好\r\n',10,1659508132,1),(629,2,8,29,'电量情况',3,'满\r\n',10,1659508132,1),(630,2,8,30,'电力支持',3,'有\r\n',10,1659508132,1),(631,2,8,31,'天气情况',2,'',10,1659508132,1),(632,2,8,32,'数据传输是否正常',3,'正常\r\n',10,1659508132,1),(633,2,8,33,'实时监控',3,'是\r\n',10,1659508132,1),(634,2,8,34,'开始割胶时间',1,'',10,1659508132,1),(635,2,8,35,'结束割胶时间',1,'',10,1659508132,1);
/*!40000 ALTER TABLE `goods_attr` ENABLE KEYS */;
UNLOCK TABLES;

--
-- Table structure for table `goods_cate`
--

DROP TABLE IF EXISTS `goods_cate`;
/*!40101 SET @saved_cs_client     = @@character_set_client */;
/*!40101 SET character_set_client = utf8 */;
CREATE TABLE `goods_cate` (
  `id` int(11) NOT NULL AUTO_INCREMENT,
  `title` varchar(255) DEFAULT NULL,
  `cate_img` varchar(255) DEFAULT NULL,
  `link` varchar(255) DEFAULT NULL,
  `template` varchar(255) DEFAULT NULL,
  `pid` int(11) DEFAULT NULL,
  `sub_title` varchar(255) DEFAULT NULL,
  `keywords` varchar(255) DEFAULT NULL,
  `description` varchar(1024) DEFAULT NULL,
  `status` tinyint(1) DEFAULT NULL,
  `sort` int(11) DEFAULT NULL,
  `add_time` int(11) DEFAULT NULL,
  PRIMARY KEY (`id`) USING BTREE
) ENGINE=InnoDB AUTO_INCREMENT=54 DEFAULT CHARSET=utf8 ROW_FORMAT=DYNAMIC;
/*!40101 SET character_set_client = @saved_cs_client */;

--
-- Dumping data for table `goods_cate`
--

LOCK TABLES `goods_cate` WRITE;
/*!40000 ALTER TABLE `goods_cate` DISABLE KEYS */;
INSERT INTO `goods_cate` VALUES (34,'东部橡胶林','static/upPicture/20220403/东部橡胶林_1648975603829170500.jpeg','','',0,'','','',1,10,1630831382),(35,'中部橡胶林','static/upPicture/20220403/中部橡胶林_1648975612812132300.jpeg','','',0,'中部橡胶林','中部橡胶林','中部橡胶林',1,11,1630831502),(36,'西部橡胶林','static/upPicture/20220403/东部橡胶林_1648975619549567400.jpeg','','',0,'西部橡胶林','西部橡胶林','西部橡胶林',1,10,1630831561),(39,'红关公橡皮树林区','static/upPicture/20220605/红关公橡皮树_1654416083464919100.jpeg','','',34,'红关公橡皮树','红关公橡皮树','红关公橡皮树',1,10,1630831709),(40,'小叶橡皮树林区','static/upPicture/20211228/小叶橡皮树_1640678613958404500.jpeg','','',35,'小叶橡皮树','小叶橡皮树','小叶橡皮树',1,10,1630831969),(44,'印度胶树林区','static/upPicture/20211228/印度胶树_1640678530639723500.jpeg','','',34,'','','印度胶树',1,10,1630849107),(45,'黑金刚橡皮树','static/upPicture/20211228/黑金刚橡皮树_1640678686719377400.jpeg','','',35,'黑金刚橡皮树','黑金刚橡皮树','黑金刚橡皮树',1,10,1630849127),(50,'花叶橡皮树林区','static/upPicture/20220605/花叶橡皮树_1654416116738096000.jpeg','','',34,'','','',1,10,1654135049),(51,'白叶黄边橡皮树','static/upPicture/20220605/白叶黄边橡皮树_1654416061853800500.jpg','','',36,'','','',1,10,1654137097),(53,'圆叶橡皮树','static/upPicture/20220605/圆叶橡皮树_1654416068413047900.jpeg','','',36,'','','',1,10,1654137181);
/*!40000 ALTER TABLE `goods_cate` ENABLE KEYS */;
UNLOCK TABLES;

--
-- Table structure for table `goods_color`
--

DROP TABLE IF EXISTS `goods_color`;
/*!40101 SET @saved_cs_client     = @@character_set_client */;
/*!40101 SET character_set_client = utf8 */;
CREATE TABLE `goods_color` (
  `id` int(11) NOT NULL AUTO_INCREMENT,
  `color_name` varchar(255) DEFAULT NULL,
  `color_value` varchar(255) DEFAULT NULL,
  `status` int(11) DEFAULT NULL,
  PRIMARY KEY (`id`) USING BTREE
) ENGINE=InnoDB AUTO_INCREMENT=9 DEFAULT CHARSET=utf8 ROW_FORMAT=DYNAMIC;
/*!40101 SET character_set_client = @saved_cs_client */;

--
-- Dumping data for table `goods_color`
--

LOCK TABLES `goods_color` WRITE;
/*!40000 ALTER TABLE `goods_color` DISABLE KEYS */;
INSERT INTO `goods_color` VALUES (1,'红色','red',1),(2,'黑色','#000',1),(3,'黄色','yellow',1),(4,'金色','#ebf10f',1),(5,'灰色','#eee',1),(6,'蓝色','blue',1),(7,'紫色','#B09AFE',1),(8,'薄荷','#A0FBE9',1);
/*!40000 ALTER TABLE `goods_color` ENABLE KEYS */;
UNLOCK TABLES;

--
-- Table structure for table `goods_image`
--

DROP TABLE IF EXISTS `goods_image`;
/*!40101 SET @saved_cs_client     = @@character_set_client */;
/*!40101 SET character_set_client = utf8 */;
CREATE TABLE `goods_image` (
  `id` int(11) NOT NULL AUTO_INCREMENT,
  `goods_id` int(11) DEFAULT NULL,
  `img_url` varchar(255) DEFAULT NULL,
  `color_id` int(11) DEFAULT NULL,
  `sort` int(11) DEFAULT NULL,
  `add_time` int(11) DEFAULT NULL,
  `status` tinyint(1) DEFAULT NULL,
  PRIMARY KEY (`id`) USING BTREE
) ENGINE=InnoDB AUTO_INCREMENT=91 DEFAULT CHARSET=utf8 ROW_FORMAT=DYNAMIC;
/*!40101 SET character_set_client = @saved_cs_client */;

--
-- Dumping data for table `goods_image`
--

LOCK TABLES `goods_image` WRITE;
/*!40000 ALTER TABLE `goods_image` DISABLE KEYS */;
INSERT INTO `goods_image` VALUES (58,38,'/static/upPicture/20210913/Details__1631512922728459400.jpg',6,10,1631512928,1),(59,38,'/static/upPicture/20210913/Details__1631512922755385800.jpg',8,10,1631512928,1),(60,38,'/static/upPicture/20210913/Details__1631512922772340800.jpg',8,10,1631512928,1),(61,39,'/static/upPicture/20210913/goodsDetails__1631528120810439000.jpg',1,10,1631528122,1),(62,39,'/static/upPicture/20210913/goodsDetails__1631528120826397400.jpg',1,10,1631528122,1),(63,39,'/static/upPicture/20210913/goodsDetails__1631528120875265200.jpg',3,10,1631528122,1),(64,41,'/static/upPicture/20210913/goodsDetails__1631534836422039300.jpg',1,10,1631534837,1),(65,41,'static/upPicture/20210913/goodsDetails__1631534836443980800.jpg',2,10,1631534837,1),(67,45,'/static/upPicture/20210917/goodsDetails__1631870986273524900.jpg',2,10,1631871056,1),(68,45,'/static/upPicture/20210917/goodsDetails__1631870986334362400.jpg',2,10,1631871056,1),(69,45,'/static/upPicture/20210917/goodsDetails__1631870986320399400.jpg',2,10,1631871056,1),(70,45,'/static/upPicture/20210917/goodsDetails__1631871122081113200.jpg',2,10,1631871123,1),(71,45,'/static/upPicture/20210917/goodsDetails__1631871122097069800.jpg',2,10,1631871123,1),(74,46,'static/upPicture/20210921/Gallery__1632215349941528700.jpg',6,10,1632215351,1),(75,47,'static/upPicture/20210921/Gallery__1632215474753692100.jpg',4,10,1632215496,1),(76,47,'static/upPicture/20210921/Gallery__1632215480923160100.jpg',4,10,1632215496,1),(77,49,'static/upPicture/20210922/Gallery__1632240059669472700.jpg',0,10,1632240060,1),(78,50,'static/upPicture/20210922/Gallery__1632240121872988700.jpg',0,10,1632240135,1),(79,51,'static/upPicture/20210922/Gallery__1632244396714624500.jpg',0,10,1632244400,1),(80,51,'static/upPicture/20210922/Gallery__1632244396729585300.jpg',0,10,1632244400,1),(81,51,'static/upPicture/20210922/Gallery__1632244396751556300.jpg',0,10,1632244400,1),(82,52,'static/upPicture/20210922/Gallery__1632244489276010900.jpg',0,10,1632244490,1),(83,52,'static/upPicture/20210922/Gallery__1632244489296706700.jpg',0,10,1632244490,1),(84,52,'static/upPicture/20210922/Gallery__1632244489307678200.jpg',0,10,1632244490,1),(85,54,'static/upPicture/20210922/Gallery__1632244636705437000.jpg',0,10,1632244637,1),(86,54,'static/upPicture/20210922/Gallery__1632244636725683300.jpg',0,10,1632244637,1),(87,54,'static/upPicture/20210922/Gallery__1632244636736654500.jpg',0,10,1632244637,1),(88,40,'static/upPicture/20210922/Gallery__1632301187172160600.jpg',2,10,1632301189,1),(89,48,'static/upPicture/20210922/Gallery__1632301316220290200.jpg',1,10,1632301318,1),(90,48,'static/upPicture/20210922/Gallery__1632301316241261700.jpg',3,10,1632301318,1);
/*!40000 ALTER TABLE `goods_image` ENABLE KEYS */;
UNLOCK TABLES;

--
-- Table structure for table `goods_type`
--

DROP TABLE IF EXISTS `goods_type`;
/*!40101 SET @saved_cs_client     = @@character_set_client */;
/*!40101 SET character_set_client = utf8 */;
CREATE TABLE `goods_type` (
  `id` int(11) NOT NULL AUTO_INCREMENT,
  `title` varchar(255) DEFAULT NULL,
  `description` varchar(255) DEFAULT NULL,
  `status` int(11) DEFAULT NULL,
  `add_time` int(11) DEFAULT NULL,
  PRIMARY KEY (`id`) USING BTREE
) ENGINE=InnoDB AUTO_INCREMENT=10 DEFAULT CHARSET=utf8 ROW_FORMAT=DYNAMIC;
/*!40101 SET character_set_client = @saved_cs_client */;

--
-- Dumping data for table `goods_type`
--

LOCK TABLES `goods_type` WRITE;
/*!40000 ALTER TABLE `goods_type` DISABLE KEYS */;
INSERT INTO `goods_type` VALUES (7,'小型无人机','较小的无人机',1,1630848634),(8,'中型无人机','大小适中的无人机',1,1630848660),(9,'大型无人机','较大的无人机',1,1630849185);
/*!40000 ALTER TABLE `goods_type` ENABLE KEYS */;
UNLOCK TABLES;

--
-- Table structure for table `goods_type_attribute`
--

DROP TABLE IF EXISTS `goods_type_attribute`;
/*!40101 SET @saved_cs_client     = @@character_set_client */;
/*!40101 SET character_set_client = utf8 */;
CREATE TABLE `goods_type_attribute` (
  `id` int(11) NOT NULL AUTO_INCREMENT,
  `cate_id` int(11) DEFAULT NULL,
  `title` varchar(255) DEFAULT NULL,
  `attr_type` tinyint(1) DEFAULT NULL,
  `attr_value` varchar(1024) DEFAULT NULL,
  `status` tinyint(1) DEFAULT NULL,
  `sort` int(11) DEFAULT NULL,
  `add_time` int(11) DEFAULT NULL,
  PRIMARY KEY (`id`) USING BTREE
) ENGINE=InnoDB AUTO_INCREMENT=56 DEFAULT CHARSET=utf8 ROW_FORMAT=DYNAMIC;
/*!40101 SET character_set_client = @saved_cs_client */;

--
-- Dumping data for table `goods_type_attribute`
--

LOCK TABLES `goods_type_attribute` WRITE;
/*!40000 ALTER TABLE `goods_type_attribute` DISABLE KEYS */;
INSERT INTO `goods_type_attribute` VALUES (20,7,'无人机状态',3,'良好\r\n损坏',1,10,1630855783),(21,7,'电量情况',3,'满\r\n空\r\n半',1,10,1630855837),(22,7,'电力支持',3,'有\r\n无',1,10,1630855869),(23,7,'天气情况',2,'',1,10,1630855890),(24,7,'数据传输是否正常',3,'正常\r\n异常',1,10,1630855920),(25,7,'实时监控',3,'是\r\n否',1,10,1630855942),(26,7,'开始割胶时间',1,'',1,10,1630855975),(27,7,'结束割胶时间',1,'',1,10,1630855986),(28,8,'无人机状态',3,'良好\r\n损坏',1,10,1630855783),(29,8,'电量情况',3,'满\r\n空\r\n半',1,10,1630855837),(30,8,'电力支持',3,'有\r\n无',1,10,1630855869),(31,8,'天气情况',2,'',1,10,1630855890),(32,8,'数据传输是否正常',3,'正常\r\n异常',1,10,1630855920),(33,8,'实时监控',3,'是\r\n否',1,10,1630855942),(34,8,'开始割胶时间',1,'',1,10,1630855975),(35,8,'结束割胶时间',1,'',1,10,1630855986),(37,9,'无人机状态',3,'良好\r\n损坏',1,10,1630856164),(38,10,'响应时间',1,'',1,10,1630856186),(39,9,'电量情况',3,'满\r\n空\r\n半',1,10,1630856199),(40,9,'电力支持',3,'有\r\n无',1,10,1630856211),(41,10,'实际响应电量',1,'',1,10,1630856257),(42,9,'天气情况',2,'',1,10,1630856369),(43,10,'响应电量',1,'',1,10,1630855975),(44,10,'结束时间',1,'',1,10,1630855986),(46,10,'能源类型',3,'清洁能源\r\n传统能源',1,10,1630856369),(47,10,'响应企业名称',1,'',1,10,1630855986),(48,10,'响应是否完成',3,'是\r\n否 ',1,10,1630855986),(49,11,'预约发电量 单位（千瓦时）',1,'',1,10,1630856555),(50,11,'实际发电量 单位（千瓦时）',1,'',1,10,1630856555),(51,12,'发电来源',3,'风\r\n光\r\n水\r\n煤',1,10,1630856792),(52,9,'数据传输是否正常',3,'正常\r\n异常',1,10,1649216412),(53,9,'实时监控',3,'是\r\n否',1,10,1649216428),(54,9,'开始割胶时间',2,'',1,10,1649216441),(55,9,'结束割胶时间',2,'',1,10,1649216453);
/*!40000 ALTER TABLE `goods_type_attribute` ENABLE KEYS */;
UNLOCK TABLES;

--
-- Table structure for table `manager`
--

DROP TABLE IF EXISTS `manager`;
/*!40101 SET @saved_cs_client     = @@character_set_client */;
/*!40101 SET character_set_client = utf8 */;
CREATE TABLE `manager` (
  `id` int(11) NOT NULL AUTO_INCREMENT,
  `username` varchar(255) DEFAULT NULL,
  `password` varchar(32) DEFAULT NULL,
  `mobile` varchar(11) DEFAULT NULL,
  `email` varchar(255) DEFAULT NULL,
  `status` tinyint(4) DEFAULT '1',
  `role_id` int(11) DEFAULT NULL,
  `add_time` int(11) DEFAULT NULL,
  `is_super` tinyint(1) DEFAULT '0',
  PRIMARY KEY (`id`) USING BTREE
) ENGINE=InnoDB AUTO_INCREMENT=14 DEFAULT CHARSET=utf8 ROW_FORMAT=DYNAMIC;
/*!40101 SET character_set_client = @saved_cs_client */;

--
-- Dumping data for table `manager`
--

LOCK TABLES `manager` WRITE;
/*!40000 ALTER TABLE `manager` DISABLE KEYS */;
INSERT INTO `manager` VALUES (1,'admin','e10adc3949ba59abbe56e057f20f883e','15201686411','518864@qq.com',1,12,0,1),(2,'李子维','e10adc3949ba59abbe56e057f20f883e','15201686412','34233869@qq.com',1,2,1581661532,0),(7,'迟晚','e10adc3949ba59abbe56e057f20f883e','15111324214','3333498@qq.com',1,11,1591078419,0),(8,'莉莉丝','e10adc3949ba59abbe56e057f20f883e','15505111521','1297001139@qq.com',1,13,1629619112,0),(10,'吴正文','e10adc3949ba59abbe56e057f20f883e','13182817382','1297005369@qq.com',1,2,1629685762,0),(11,'彭琼昂','e10adc3949ba59abbe56e057f20f883e','15505111521','1034226952@qq.com',1,2,1629688837,0),(13,'sss','4bbde07660e5eff90873642cfae9a8dd','11111111111','1',1,2,1677481417,0);
/*!40000 ALTER TABLE `manager` ENABLE KEYS */;
UNLOCK TABLES;

--
-- Table structure for table `nav`
--

DROP TABLE IF EXISTS `nav`;
/*!40101 SET @saved_cs_client     = @@character_set_client */;
/*!40101 SET character_set_client = utf8 */;
CREATE TABLE `nav` (
  `id` int(11) NOT NULL AUTO_INCREMENT,
  `title` varchar(255) DEFAULT NULL,
  `link` varchar(255) DEFAULT NULL,
  `position` tinyint(1) DEFAULT NULL,
  `is_opennew` tinyint(1) DEFAULT NULL,
  `relation` varchar(255) DEFAULT NULL,
  `sort` int(11) DEFAULT NULL,
  `status` tinyint(1) DEFAULT NULL,
  `add_time` int(11) DEFAULT NULL,
  PRIMARY KEY (`id`) USING BTREE
) ENGINE=InnoDB AUTO_INCREMENT=23 DEFAULT CHARSET=utf8 ROW_FORMAT=DYNAMIC;
/*!40101 SET character_set_client = @saved_cs_client */;

--
-- Dumping data for table `nav`
--

LOCK TABLES `nav` WRITE;
/*!40000 ALTER TABLE `nav` DISABLE KEYS */;
INSERT INTO `nav` VALUES (14,'国家林业局和草原局政府网','http://www.forestry.gov.cn/',1,2,'林业政策',10,1,1631627159),(15,'中国国家地理网','http://www.dili360.com/',1,2,'地理位置规划',10,1,1631627802),(16,'无人机之家','https://www.wrjzj.com/',1,2,'无人机技术',10,1,1631627876),(18,'大疆无人机创新','https://www.dji.com/cn',2,2,'无人机技术',10,1,1632224560),(19,'天然橡胶网','https://www.yunken.com/?p=1430',2,2,'橡胶林数据管理',10,1,1632224639),(20,'中国橡胶网','http://www.cria.org.cn/newslist/11.html',2,2,'橡胶林数据管理',10,1,1632224777),(21,'橡胶产业网','http://www.21rubber.com/',2,2,'橡胶林数据管理',10,1,1632224837),(22,'中国园林网','http://www.c-yl.com/',2,1,'林区管理',10,1,1632225013);
/*!40000 ALTER TABLE `nav` ENABLE KEYS */;
UNLOCK TABLES;

--
-- Table structure for table `order`
--

DROP TABLE IF EXISTS `order`;
/*!40101 SET @saved_cs_client     = @@character_set_client */;
/*!40101 SET character_set_client = utf8 */;
CREATE TABLE `order` (
  `id` int(11) NOT NULL AUTO_INCREMENT,
  `uid` int(11) DEFAULT NULL,
  `order_id` varchar(255) DEFAULT NULL,
  `all_price` decimal(10,2) DEFAULT NULL,
  `name` varchar(255) DEFAULT NULL,
  `phone` varchar(11) DEFAULT NULL,
  `address` varchar(255) DEFAULT NULL,
  `zipcode` varchar(255) DEFAULT NULL,
  `pay_status` tinyint(1) DEFAULT NULL,
  `pay_type` tinyint(1) DEFAULT NULL,
  `order_status` tinyint(1) DEFAULT NULL,
  `add_time` int(11) DEFAULT NULL,
  PRIMARY KEY (`id`) USING BTREE
) ENGINE=InnoDB AUTO_INCREMENT=32 DEFAULT CHARSET=utf8 ROW_FORMAT=DYNAMIC;
/*!40101 SET character_set_client = @saved_cs_client */;

--
-- Dumping data for table `order`
--

LOCK TABLES `order` WRITE;
/*!40000 ALTER TABLE `order` DISABLE KEYS */;
INSERT INTO `order` VALUES (14,10,'202109242130177918',1001.00,'d000','12345678910','12345678910','11111',0,0,0,1632490247),(15,10,'202109242250506041',2002.00,'zxq','15505111521','hyit','221700',1,1,0,1632495050),(16,10,'202109242321298415',12452.00,'zxq','15505111521','hyit','221700',1,0,1,1632496918),(17,10,'202109252130177918',1011.00,'d000','12345678910','12345678910','11111',1,0,2,1632490247),(18,10,'202109252250506041',2012.00,'zxq','15505111521','hyit','221700',1,1,3,1632495050),(19,10,'202109252321298415',12152.00,'zxq','15505111521','hyit','221700',1,0,4,1632496918),(20,10,'202109242130177110',1001.00,'d000','12345678910','12345678910','11111',1,1,5,1632490247),(21,10,'202109242250506111',2002.00,'zxq','15505111521','hyit','221700',1,0,6,1632495050),(22,10,'202109242321298412',12452.00,'zxq','15505111521','hyit','221700',1,0,0,1632496918),(23,10,'202109252130177913',1011.00,'d000','12345678910','12345678910','11111',0,0,0,1632490247),(24,10,'202109252250506044',2012.00,'zxq','15505111521','hyit','221700',1,1,4,1632495050),(25,10,'202109252321298445',12152.00,'zxq','15505111521','hyit','221700',1,0,5,1632496918),(29,10,'202109250057506041',24904.00,'zxq','15505111521','hyit','221700',0,0,0,1632502676),(30,10,'202109291100506041',1001.00,'c2121','12345678910','12','12',0,0,0,1632884426),(31,10,'202110281224506041',12452.00,'c2121','12345678910','123','12',0,0,0,1635395083);
/*!40000 ALTER TABLE `order` ENABLE KEYS */;
UNLOCK TABLES;

--
-- Table structure for table `order_contract`
--

DROP TABLE IF EXISTS `order_contract`;
/*!40101 SET @saved_cs_client     = @@character_set_client */;
/*!40101 SET character_set_client = utf8 */;
CREATE TABLE `order_contract` (
  `id` int(11) NOT NULL AUTO_INCREMENT,
  `c_name` varchar(255) COLLATE utf8_bin DEFAULT NULL,
  `c_address` varchar(255) COLLATE utf8_bin DEFAULT NULL,
  `c_phone` varchar(11) COLLATE utf8_bin DEFAULT NULL,
  `c_law` varchar(255) COLLATE utf8_bin DEFAULT NULL,
  `order_id` int(50) NOT NULL,
  `sign_contract` tinyint(1) DEFAULT NULL,
  `email` varchar(255) COLLATE utf8_bin DEFAULT NULL,
  `link_user` varchar(255) COLLATE utf8_bin DEFAULT NULL,
  `fax` varchar(100) COLLATE utf8_bin DEFAULT NULL,
  `add_time` int(11) DEFAULT NULL,
  PRIMARY KEY (`id`,`order_id`) USING BTREE
) ENGINE=InnoDB AUTO_INCREMENT=22 DEFAULT CHARSET=utf8 COLLATE=utf8_bin ROW_FORMAT=DYNAMIC;
/*!40101 SET character_set_client = @saved_cs_client */;

--
-- Dumping data for table `order_contract`
--

LOCK TABLES `order_contract` WRITE;
/*!40000 ALTER TABLE `order_contract` DISABLE KEYS */;
INSERT INTO `order_contract` VALUES (19,'光明橡胶公司','郑州东路','14785236978','吴婉',1645272527,1,'74272721','吴伟','2131231',1645282524),(20,'东方橡胶公司','南京西路','14785236978','韩磊',1645272414,1,'74272721','韩烁','2131231',1645356867),(21,'月予橡胶公司','南京路','15659835218','张三',1645370613,1,'044230','李小微','123542',1666318250);
/*!40000 ALTER TABLE `order_contract` ENABLE KEYS */;
UNLOCK TABLES;

--
-- Table structure for table `order_demand`
--

DROP TABLE IF EXISTS `order_demand`;
/*!40101 SET @saved_cs_client     = @@character_set_client */;
/*!40101 SET character_set_client = utf8 */;
CREATE TABLE `order_demand` (
  `id` int(25) NOT NULL AUTO_INCREMENT,
  `company_id` int(11) DEFAULT NULL,
  `uid` int(25) DEFAULT NULL,
  `basic_id` int(25) DEFAULT NULL,
  `device_id` int(25) DEFAULT NULL,
  `cap_id` int(25) DEFAULT NULL,
  `user_type` tinyint(1) DEFAULT NULL,
  `c_name` varchar(255) DEFAULT NULL,
  `phone` varchar(11) DEFAULT NULL,
  `address` varchar(255) DEFAULT NULL,
  `process_time` int(11) DEFAULT NULL,
  `finish_time` int(11) DEFAULT NULL,
  `order_status` int(4) DEFAULT NULL,
  `fir_time` int(11) DEFAULT NULL,
  `sec_time` int(11) DEFAULT NULL,
  `thi_time` int(11) DEFAULT NULL,
  `fou_time` int(11) DEFAULT NULL,
  `order_id` int(50) NOT NULL,
  `review` tinyint(1) DEFAULT NULL,
  `first_trial` tinyint(1) DEFAULT NULL,
  `status` int(4) DEFAULT NULL,
  `sign_contract` tinyint(1) DEFAULT NULL,
  PRIMARY KEY (`id`,`order_id`) USING BTREE
) ENGINE=InnoDB AUTO_INCREMENT=66 DEFAULT CHARSET=utf8 ROW_FORMAT=DYNAMIC;
/*!40101 SET character_set_client = @saved_cs_client */;

--
-- Dumping data for table `order_demand`
--

LOCK TABLES `order_demand` WRITE;
/*!40000 ALTER TABLE `order_demand` DISABLE KEYS */;
INSERT INTO `order_demand` VALUES (48,10,1642307941,19,19,19,1,'东方橡胶公司','15505111521','枚乘路1号',9300495,1654570937,5,1645270442,1645270661,1645285867,1645356867,1645272414,1,1,0,1),(49,10,1642307941,19,19,19,1,'褚安橡胶公司','15505111521','雪花路5号',0,0,3,1645270442,1645347095,1645409534,0,1645272474,1,1,0,0),(50,10,1642307941,19,19,19,1,'海南橡胶公司','15505111521','广州路6号',0,0,3,1645270470,1646287805,1680344802,0,1645272502,1,1,0,0),(51,10,1642307941,19,19,19,1,'亚娜橡胶公司','15505111521','学府路8号',86860,1645357302,5,1645270442,1645270682,1645351121,1645270495,1645272527,1,1,0,1),(56,10,1642307941,19,19,19,1,'月予橡胶公司','15505111521','学苑路3号',34976170,1680344751,5,1645368581,1666318206,1666318206,1666318250,1645370613,1,1,0,1),(57,15,1645370019,20,21,20,1,'荼凡橡胶公司','15505111530','香林路6号',0,0,3,1645370842,1680344765,1680344765,0,1645372879,1,1,0,0),(64,10,1642307941,19,19,19,1,'光明橡胶公司','15505111521','西塘路1号',0,0,3,1654568580,1680344813,1680344813,0,1654570612,1,1,0,0),(65,10,1642307941,19,19,19,1,'光明橡胶公司','15505111521','郑州东路',0,0,3,1655081695,1680344784,1680344784,0,1655083727,1,1,0,0);
/*!40000 ALTER TABLE `order_demand` ENABLE KEYS */;
UNLOCK TABLES;

--
-- Table structure for table `order_demand_basic`
--

DROP TABLE IF EXISTS `order_demand_basic`;
/*!40101 SET @saved_cs_client     = @@character_set_client */;
/*!40101 SET character_set_client = utf8 */;
CREATE TABLE `order_demand_basic` (
  `id` int(11) NOT NULL AUTO_INCREMENT,
  `company_id` int(11) DEFAULT NULL,
  `join_y` int(20) DEFAULT NULL,
  `fir_liaison` varchar(255) COLLATE utf8_bin DEFAULT NULL,
  `fir_liaison_way` varchar(255) COLLATE utf8_bin DEFAULT NULL,
  `sec_liaison` varchar(255) COLLATE utf8_bin DEFAULT NULL,
  `sec_liaison_way` varchar(50) COLLATE utf8_bin DEFAULT NULL,
  `contract_cap` decimal(50,4) DEFAULT NULL,
  `running_cap` decimal(50,4) DEFAULT NULL,
  `link_address` varchar(255) COLLATE utf8_bin DEFAULT NULL,
  `trc` varchar(255) COLLATE utf8_bin DEFAULT NULL,
  `mon_Ins` varchar(255) COLLATE utf8_bin DEFAULT NULL,
  `bidding_price` decimal(50,4) DEFAULT NULL,
  `status` int(4) DEFAULT NULL,
  `add_time` int(11) DEFAULT NULL,
  `order_id` int(50) NOT NULL,
  `vue_basic_id` int(11) DEFAULT NULL,
  PRIMARY KEY (`id`,`order_id`) USING BTREE
) ENGINE=InnoDB AUTO_INCREMENT=55 DEFAULT CHARSET=utf8 COLLATE=utf8_bin ROW_FORMAT=DYNAMIC;
/*!40101 SET character_set_client = @saved_cs_client */;

--
-- Dumping data for table `order_demand_basic`
--

LOCK TABLES `order_demand_basic` WRITE;
/*!40000 ALTER TABLE `order_demand_basic` DISABLE KEYS */;
INSERT INTO `order_demand_basic` VALUES (37,10,2022,'韩磊','15505111520','韩烁','15505111522',145244.0000,52000.0000,'枚乘路1号','12524454','0',124.1424,0,1645270382,1645272414,19),(38,10,2022,'张凡','15505111520','张南','15505111522',145244.0000,52000.0000,'雪花路5号','12524454','0',124.1424,0,1645270442,1645272474,19),(39,10,2022,'王益','15505111520','王明','15505111522',145244.0000,52000.0000,'广州路6号','12524454','0',124.1424,0,1645270470,1645272502,19),(40,10,2022,'樊浩','15505111520','樊镇','15505111522',145244.0000,52000.0000,'学府路8号','12524454','0',124.1424,0,1645270495,1645272527,19),(45,10,2022,'李梦','15505111520','李艾','15505111522',145244.0000,52000.0000,'学苑路3号','12524454','0',124.1424,0,1645368581,1645370613,19),(46,15,2022,'吴米','15505111520','吴文','15505111530',213123.0000,225422.0000,'香林路6号','2022022332','0',124.2441,0,1645370842,1645372879,20),(53,10,2022,'吴婉','15505111520','吴伟','15505111522',11.0000,10.0000,'西塘路1号','us10236589','0',6666.0000,0,1654568580,1654570612,19),(54,10,2022,'吴婉','15505111520','吴伟','15505111522',11.0000,10.0000,'西塘路1号','us10236589','0',6666.0000,0,1655081695,1655083727,19);
/*!40000 ALTER TABLE `order_demand_basic` ENABLE KEYS */;
UNLOCK TABLES;

--
-- Table structure for table `order_demand_cap`
--

DROP TABLE IF EXISTS `order_demand_cap`;
/*!40101 SET @saved_cs_client     = @@character_set_client */;
/*!40101 SET character_set_client = utf8 */;
CREATE TABLE `order_demand_cap` (
  `id` int(11) NOT NULL AUTO_INCREMENT,
  `mt_fz` decimal(50,4) DEFAULT NULL,
  `mt_fm` decimal(50,4) DEFAULT NULL,
  `mt_fw` decimal(50,4) DEFAULT NULL,
  `mt_fn` decimal(50,4) DEFAULT NULL,
  `w_fz` decimal(50,4) DEFAULT NULL,
  `w_fm` decimal(50,4) DEFAULT NULL,
  `w_fw` decimal(50,4) DEFAULT NULL,
  `w_fn` decimal(50,4) DEFAULT NULL,
  `can_response` tinyint(1) DEFAULT NULL,
  `add_time` int(11) DEFAULT NULL,
  `order_id` int(50) NOT NULL,
  `c_uid` int(11) DEFAULT NULL,
  `status` int(4) DEFAULT NULL,
  `vue_cap_id` int(11) DEFAULT NULL,
  PRIMARY KEY (`id`,`order_id`) USING BTREE
) ENGINE=InnoDB AUTO_INCREMENT=54 DEFAULT CHARSET=utf8 COLLATE=utf8_bin ROW_FORMAT=DYNAMIC;
/*!40101 SET character_set_client = @saved_cs_client */;

--
-- Dumping data for table `order_demand_cap`
--

LOCK TABLES `order_demand_cap` WRITE;
/*!40000 ALTER TABLE `order_demand_cap` DISABLE KEYS */;
INSERT INTO `order_demand_cap` VALUES (36,1516.3266,250.2560,520.0000,135.2000,785.3000,125.1200,208.2000,1693.2000,1,1645270382,1645272414,10,0,19),(37,1516.3266,250.2560,520.0000,135.2000,785.3000,125.1200,208.2000,1693.2000,1,1645270442,1645272474,10,0,19),(38,1516.3266,250.2560,520.0000,135.2000,785.3000,125.1200,208.2000,1693.2000,1,1645270470,1645272502,10,0,19),(39,1516.3266,250.2560,520.0000,135.2000,785.3000,125.1200,208.2000,1693.2000,1,1645270495,1645272527,10,0,19),(44,1516.3266,250.2560,520.0000,135.2000,785.3000,125.1200,208.2000,1693.2000,1,1645368581,1645370613,10,0,19),(45,25.0200,42.3200,424.2000,42.2000,45.2000,45.1000,45.5000,75.5000,1,1645370842,1645372879,15,0,20),(52,1516.3266,250.2560,520.0000,135.2000,785.3000,125.1200,208.2000,1693.2000,1,1654568580,1654570612,10,0,19),(53,15.0000,25.0000,16.0000,13.0000,25.0000,14.0000,20.0000,11.0000,1,1655081695,1655083727,10,0,19);
/*!40000 ALTER TABLE `order_demand_cap` ENABLE KEYS */;
UNLOCK TABLES;

--
-- Table structure for table `order_demand_device`
--

DROP TABLE IF EXISTS `order_demand_device`;
/*!40101 SET @saved_cs_client     = @@character_set_client */;
/*!40101 SET character_set_client = utf8 */;
CREATE TABLE `order_demand_device` (
  `id` int(11) NOT NULL AUTO_INCREMENT,
  `c_name` varchar(255) COLLATE utf8_bin DEFAULT NULL,
  `c_address` varchar(255) COLLATE utf8_bin DEFAULT NULL,
  `c_phone` varchar(11) COLLATE utf8_bin DEFAULT NULL,
  `t_uid` int(22) DEFAULT NULL,
  `user_type` tinyint(1) unsigned zerofill NOT NULL,
  `be_response` decimal(50,4) DEFAULT NULL,
  `sub_id` int(11) DEFAULT NULL,
  `sub_device_id` int(11) DEFAULT NULL,
  `device_id` int(11) DEFAULT NULL,
  `time_respond1` decimal(50,4) DEFAULT NULL,
  `time_respond2` decimal(50,4) DEFAULT NULL,
  `time_respond3` decimal(50,4) DEFAULT NULL,
  `time_respond4` decimal(50,4) DEFAULT NULL,
  `add_time` int(11) DEFAULT NULL,
  `order_id` int(50) NOT NULL,
  `join_y` varchar(50) COLLATE utf8_bin DEFAULT NULL,
  `status` int(4) DEFAULT NULL,
  `vue_device_id` int(11) DEFAULT NULL,
  PRIMARY KEY (`id`,`order_id`) USING BTREE
) ENGINE=InnoDB AUTO_INCREMENT=55 DEFAULT CHARSET=utf8 COLLATE=utf8_bin ROW_FORMAT=DYNAMIC;
/*!40101 SET character_set_client = @saved_cs_client */;

--
-- Dumping data for table `order_demand_device`
--

LOCK TABLES `order_demand_device` WRITE;
/*!40000 ALTER TABLE `order_demand_device` DISABLE KEYS */;
INSERT INTO `order_demand_device` VALUES (37,'东方橡胶公司','南京西路','15505111521',1642307941,1,50000.0000,0,0,0,11.0000,2.0000,14.0000,15.0000,1645270382,1645272414,NULL,0,19),(38,'褚安橡胶公司','北京东路','15505111521',1642307941,1,50000.0000,0,0,0,14.0000,3.0000,10.0000,20.0000,1645270442,1645272474,NULL,0,19),(39,'海南橡胶公司','上海路','15505111521',1642307941,1,50000.0000,0,0,0,6.0000,5.0000,9.0000,17.0000,1645270470,1645272502,NULL,0,19),(40,'亚娜橡胶公司','正大路','15505111521',1642307941,1,50000.0000,0,0,0,7.0000,3.0000,8.0000,13.0000,1645270495,1645272527,NULL,0,19),(45,'月予橡胶公司','太雅路','15505111521',1642307941,1,50000.0000,0,0,0,9.0000,19.0000,6.0000,11.0000,1645368581,1645370613,NULL,0,19),(46,'荼凡橡胶公司','天津路','15505111530',1645370019,1,1424.0000,0,0,0,5.0000,12.0000,8.0000,12.0000,1645370842,1645372879,NULL,0,21),(53,'光明橡胶公司','郑州东路','15505111521',1642307941,1,50000.0000,0,0,0,6.0000,11.0000,3.0000,14.0000,1654568580,1654570612,NULL,0,19),(54,'光明橡胶公司','郑州东路','15505111521',1642307941,1,50000.0000,0,0,0,21.0000,22.0000,50.0000,93.0000,1655081695,1655083727,NULL,0,19);
/*!40000 ALTER TABLE `order_demand_device` ENABLE KEYS */;
UNLOCK TABLES;

--
-- Table structure for table `order_item`
--

DROP TABLE IF EXISTS `order_item`;
/*!40101 SET @saved_cs_client     = @@character_set_client */;
/*!40101 SET character_set_client = utf8 */;
CREATE TABLE `order_item` (
  `id` int(11) NOT NULL AUTO_INCREMENT,
  `order_id` int(11) DEFAULT NULL,
  `uid` int(11) DEFAULT NULL,
  `product_title` varchar(255) DEFAULT NULL,
  `product_id` int(11) DEFAULT NULL,
  `product_img` varchar(255) DEFAULT NULL,
  `product_price` decimal(10,2) DEFAULT NULL,
  `add_time` int(11) DEFAULT NULL,
  `product_num` int(11) DEFAULT NULL,
  `goods_version` varchar(255) DEFAULT NULL,
  `goods_color` varchar(255) DEFAULT NULL,
  PRIMARY KEY (`id`) USING BTREE
) ENGINE=InnoDB AUTO_INCREMENT=32 DEFAULT CHARSET=utf8 ROW_FORMAT=DYNAMIC;
/*!40101 SET character_set_client = @saved_cs_client */;

--
-- Dumping data for table `order_item`
--

LOCK TABLES `order_item` WRITE;
/*!40000 ALTER TABLE `order_item` DISABLE KEYS */;
INSERT INTO `order_item` VALUES (15,14,10,'需求响应--sun',47,'static/upPicture/20210921/需求响应--sun_1632215496654622600.jpg',1001.00,0,1,'光能','金色'),(16,15,10,'需求响应--sun',47,'static/upPicture/20210921/需求响应--sun_1632215496654622600.jpg',1001.00,0,2,'光能','金色'),(17,16,10,'水电售卖',45,'static/upPicture/20210917/水电售卖_1631871056694292400.jpg',12452.00,0,1,'水电售卖01','黑色'),(18,17,10,'需求响应--sun',47,'static/upPicture/20210921/需求响应--sun_1632215496654622600.jpg',1011.00,0,1,'光能','金色'),(19,18,10,'需求响应--sun',47,'static/upPicture/20210921/需求响应--sun_1632215496654622600.jpg',1011.00,0,2,'光能','金色'),(20,19,10,'水电售卖',45,'static/upPicture/20210917/水电售卖_1631871056694292400.jpg',12152.00,0,1,'水电售卖01','黑色'),(21,20,10,'需求响应--sun',47,'static/upPicture/20210921/需求响应--sun_1632215496654622600.jpg',1001.00,0,1,'光能','金色'),(22,21,10,'需求响应--sun',47,'static/upPicture/20210921/需求响应--sun_1632215496654622600.jpg',1001.00,0,2,'光能','金色'),(23,22,10,'水电售卖',45,'static/upPicture/20210917/水电售卖_1631871056694292400.jpg',12452.00,0,1,'水电售卖01','黑色'),(24,23,10,'需求响应--sun',47,'static/upPicture/20210921/需求响应--sun_1632215496654622600.jpg',1011.00,0,1,'光能','金色'),(25,24,10,'需求响应--sun',47,'static/upPicture/20210921/需求响应--sun_1632215496654622600.jpg',1011.00,0,2,'光能','金色'),(26,25,10,'水电售卖',45,'static/upPicture/20210917/水电售卖_1631871056694292400.jpg',12152.00,0,1,'水电售卖01','黑色'),(29,29,10,'光能售卖',41,'static/upPicture/20210913/光能售卖_1631534837470364100.jpg',12452.00,0,2,'光能01','红色'),(30,30,10,'需求响应--sun',47,'static/upPicture/20210921/需求响应--sun_1632215496654622600.jpg',1001.00,0,1,'光能','金色'),(31,31,10,'光能售卖',41,'static/upPicture/20210913/光能售卖_1631534837470364100.jpg',12452.00,0,1,'光能01','红色');
/*!40000 ALTER TABLE `order_item` ENABLE KEYS */;
UNLOCK TABLES;

--
-- Table structure for table `order_part`
--

DROP TABLE IF EXISTS `order_part`;
/*!40101 SET @saved_cs_client     = @@character_set_client */;
/*!40101 SET character_set_client = utf8 */;
CREATE TABLE `order_part` (
  `id` int(11) NOT NULL AUTO_INCREMENT,
  `part_a` varchar(255) DEFAULT NULL,
  `part_b` varchar(255) DEFAULT NULL,
  PRIMARY KEY (`id`) USING BTREE
) ENGINE=InnoDB AUTO_INCREMENT=2 DEFAULT CHARSET=utf8 ROW_FORMAT=DYNAMIC;
/*!40101 SET character_set_client = @saved_cs_client */;

--
-- Dumping data for table `order_part`
--

LOCK TABLES `order_part` WRITE;
/*!40000 ALTER TABLE `order_part` DISABLE KEYS */;
INSERT INTO `order_part` VALUES (1,'*****委员会','******橡胶公司');
/*!40000 ALTER TABLE `order_part` ENABLE KEYS */;
UNLOCK TABLES;

--
-- Table structure for table `reducer`
--

DROP TABLE IF EXISTS `reducer`;
/*!40101 SET @saved_cs_client     = @@character_set_client */;
/*!40101 SET character_set_client = utf8 */;
CREATE TABLE `reducer` (
  `sno` int(11) NOT NULL AUTO_INCREMENT,
  `add_time` int(11) DEFAULT NULL,
  `cha` decimal(15,2) DEFAULT NULL,
  `chb` decimal(15,2) DEFAULT NULL,
  `chc` decimal(15,2) DEFAULT NULL,
  `chd` decimal(15,2) DEFAULT NULL,
  PRIMARY KEY (`sno`) USING BTREE
) ENGINE=InnoDB AUTO_INCREMENT=2000 DEFAULT CHARSET=utf8 ROW_FORMAT=DYNAMIC;
/*!40101 SET character_set_client = @saved_cs_client */;

--
-- Dumping data for table `reducer`
--

LOCK TABLES `reducer` WRITE;
/*!40000 ALTER TABLE `reducer` DISABLE KEYS */;
INSERT INTO `reducer` VALUES (1,1590374917,-9685.00,6815525.00,6864539.00,6780318.00),(2,1590374917,-6826.00,6815920.00,6864637.00,6780388.00),(3,1590374917,3029.00,6816164.00,6865020.00,6781467.00),(4,1590374917,2609.00,6816615.00,6865629.00,6781596.00),(5,1590374917,-48.00,6817171.00,6866568.00,6782246.00),(6,1590374917,-1696.00,6818588.00,6867964.00,6783626.00),(7,1590374917,3351.00,6820035.00,6869104.00,6786092.00),(8,1590374917,5082.00,6821022.00,6870374.00,6786696.00),(9,1590374917,5562.00,6823037.00,6872099.00,6787906.00),(10,1590374917,6915.00,6824456.00,6873312.00,6789294.00),(11,1590374917,9278.00,6825339.00,6874486.00,6790578.00),(12,1590374917,4288.00,6825145.00,6874538.00,6790332.00),(13,1590374917,8001.00,6824326.00,6873514.00,6789534.00),(14,1590374917,1286.00,6823135.00,6871892.00,6788074.00),(15,1590374917,1714.00,6822049.00,6870384.00,6786885.00),(16,1590374917,3391.00,6820543.00,6869203.00,6785618.00),(17,1590374917,-2288.00,6818296.00,6867523.00,6784109.00),(18,1590374917,3907.00,6817483.00,6865735.00,6781464.00),(19,1590374917,100.00,6816052.00,6865143.00,6780409.00),(20,1590374917,-3696.00,6815199.00,6863790.00,6779880.00),(21,1590374917,-4826.00,6814551.00,6863723.00,6779742.00),(22,1590374917,-6992.00,6814523.00,6863413.00,6779636.00),(23,1590374917,-9962.00,6813993.00,6863236.00,6779641.00),(24,1590374917,-332.00,6814113.00,6863136.00,6779524.00),(25,1590374917,3242.00,6814598.00,6863799.00,6780252.00),(26,1590374917,2175.00,6816235.00,6865134.00,6781122.00),(27,1590374917,-1434.00,6817898.00,6866810.00,6782822.00),(28,1590374917,-4553.00,6820569.00,6869911.00,6785809.00),(29,1590374917,1621.00,6823583.00,6872971.00,6789468.00),(30,1590374917,10252.00,6826703.00,6875814.00,6791848.00),(31,1590374917,13286.00,6829606.00,6878883.00,6794745.00),(32,1590374917,6864.00,6831040.00,6879750.00,6795290.00),(33,1590374917,5949.00,6830521.00,6879807.00,6795576.00),(34,1590374917,12032.00,6829072.00,6878264.00,6794290.00),(35,1590374917,7248.00,6826074.00,6875175.00,6791124.00),(36,1590374917,5213.00,6823108.00,6871748.00,6788079.00),(37,1590374917,10088.00,6820147.00,6869243.00,6785261.00),(38,1590374917,2180.00,6816998.00,6866151.00,6781743.00),(39,1590374917,4536.00,6814890.00,6863631.00,6780014.00),(40,1590374917,865.00,6814458.00,6863367.00,6778865.00),(41,1590374917,-3138.00,6813484.00,6862632.00,6778101.00),(42,1590374917,7985.00,6813908.00,6862052.00,6778618.00),(43,1590374917,11567.00,6813170.00,6861892.00,6778099.00),(44,1590374917,1243.00,6813098.00,6862577.00,6778531.00),(45,1590374917,122.00,6814020.00,6863118.00,6779063.00),(46,1590374917,3953.00,6814716.00,6863773.00,6779575.00),(47,1590374917,1181.00,6816162.00,6864817.00,6780517.00),(48,1590374917,7.00,6817373.00,6866080.00,6782154.00),(49,1590374917,-6116.00,6818739.00,6867242.00,6783400.00),(50,1590374917,-5777.00,6818451.00,6868087.00,6783510.00),(51,1590374917,-4617.00,6819159.00,6867953.00,6784392.00),(52,1590374917,1429.00,6819144.00,6868403.00,6784523.00),(53,1590374917,6809.00,6819090.00,6868379.00,6784345.00),(54,1590374917,8550.00,6819492.00,6868429.00,6784426.00),(55,1590374917,13816.00,6820000.00,6868706.00,6784500.00),(56,1590374917,-701.00,6820504.00,6869283.00,6785626.00),(57,1590374917,7956.00,6820762.00,6869725.00,6785697.00),(58,1590374917,7877.00,6821649.00,6870773.00,6787373.00),(59,1590374917,8765.00,6822982.00,6872281.00,6788007.00),(60,1590374917,7256.00,6824644.00,6873222.00,6789530.00),(61,1590374917,15293.00,6825660.00,6874892.00,6790903.00),(62,1590374917,10629.00,6826139.00,6874993.00,6791172.00),(63,1590374917,12004.00,6826884.00,6875901.00,6791803.00),(64,1590374917,15663.00,6825585.00,6874500.00,6790208.00),(65,1590374917,11228.00,6824189.00,6872754.00,6788811.00),(66,1590374917,6625.00,6821466.00,6870882.00,6787065.00),(67,1590374917,7167.00,6819435.00,6868322.00,6784029.00),(68,1590374917,1406.00,6817532.00,6865891.00,6782457.00),(69,1590374917,-2596.00,6814595.00,6863939.00,6779785.00),(70,1590374917,-703.00,6813443.00,6862832.00,6778533.00),(71,1590374917,-6054.00,6812062.00,6861000.00,6777358.00),(72,1590374917,-6410.00,6810885.00,6860002.00,6775991.00),(73,1590374917,1717.00,6810552.00,6859633.00,6775836.00),(74,1590374917,-3404.00,6810875.00,6859978.00,6775698.00),(75,1590374917,-4640.00,6812707.00,6862053.00,6778481.00),(76,1590374917,3621.00,6816644.00,6865141.00,6781647.00),(77,1590374917,8562.00,6820478.00,6869993.00,6786030.00),(78,1590374917,11060.00,6824856.00,6874094.00,6790429.00),(79,1590374917,17938.00,6827553.00,6876853.00,6792775.00),(80,1590374917,14352.00,6827319.00,6876467.00,6792224.00),(81,1590374917,12761.00,6825343.00,6874399.00,6790917.00),(82,1590374917,2133.00,6822889.00,6871978.00,6788182.00),(83,1590374917,-2386.00,6820016.00,6869101.00,6785418.00),(84,1590374917,-2012.00,6817378.00,6866347.00,6782101.00),(85,1590374917,-2559.00,6815960.00,6864865.00,6781099.00),(86,1590374917,-11166.00,6815239.00,6864066.00,6780305.00),(87,1590374917,-12532.00,6814695.00,6864199.00,6780101.00),(88,1590374917,-14459.00,6814732.00,6863502.00,6780051.00),(89,1590374917,-15609.00,6815115.00,6864110.00,6780575.00),(90,1590374917,-5984.00,6815335.00,6864596.00,6780622.00),(91,1590374917,-7203.00,6815714.00,6865254.00,6781342.00),(92,1590374917,-2141.00,6816353.00,6865235.00,6781204.00),(93,1590374917,3774.00,6816335.00,6865278.00,6781201.00),(94,1590374917,355.00,6816335.00,6865551.00,6781540.00),(95,1590374917,-171.00,6815969.00,6864977.00,6781479.00),(96,1590374917,-2747.00,6815702.00,6864646.00,6780881.00),(97,1590374917,2163.00,6814562.00,6863846.00,6779947.00),(98,1590374917,2449.00,6814379.00,6863977.00,6779748.00),(99,1590374917,-5400.00,6814276.00,6863322.00,6779569.00),(100,1590374917,-8111.00,6814561.00,6863243.00,6779125.00),(101,1590374917,-14807.00,6816632.00,6865152.00,6782198.00),(102,1590374917,-4883.00,6819398.00,6868246.00,6784013.00),(103,1590374917,337.00,6822715.00,6871250.00,6786958.00),(104,1590374917,4485.00,6824921.00,6873864.00,6789885.00),(105,1590374917,7530.00,6825427.00,6874814.00,6791224.00),(106,1590374917,4803.00,6824712.00,6873416.00,6789258.00),(107,1590374917,2430.00,6821720.00,6870945.00,6786645.00),(108,1590374917,-3028.00,6819779.00,6868777.00,6784682.00),(109,1590374917,-3606.00,6818004.00,6866687.00,6782800.00),(110,1590374917,-2489.00,6815845.00,6864428.00,6780673.00),(111,1590374917,-3390.00,6814055.00,6862947.00,6778824.00),(112,1590374917,-3152.00,6812642.00,6861547.00,6778080.00),(113,1590374917,-4394.00,6811613.00,6860465.00,6776513.00),(114,1590374917,-8883.00,6810648.00,6859438.00,6775989.00),(115,1590374917,-4516.00,6809702.00,6859396.00,6775179.00),(116,1590374917,-9458.00,6809799.00,6859028.00,6774508.00),(117,1590374917,-6207.00,6810210.00,6858946.00,6776097.00),(118,1590374917,-11440.00,6810475.00,6859385.00,6775947.00),(119,1590374917,-13163.00,6811502.00,6860515.00,6776688.00),(120,1590374917,-9955.00,6812163.00,6861349.00,6777639.00),(121,1590374917,-11409.00,6813497.00,6862535.00,6777975.00),(122,1590374917,-8429.00,6814418.00,6863173.00,6779448.00),(123,1590374917,-6215.00,6815254.00,6864138.00,6780445.00),(124,1590374917,-10645.00,6815658.00,6864435.00,6780495.00),(125,1590374917,-5394.00,6816500.00,6865180.00,6780982.00),(126,1590374917,-7122.00,6817209.00,6866253.00,6782222.00),(127,1590374917,-13939.00,6819037.00,6867883.00,6784224.00),(128,1590374917,-732.00,6821705.00,6870646.00,6787416.00),(129,1590374917,2559.00,6824190.00,6873609.00,6789611.00),(130,1590374917,8538.00,6826065.00,6874706.00,6791314.00),(131,1590374917,5509.00,6826134.00,6874826.00,6791067.00),(132,1590374917,-3225.00,6824061.00,6873158.00,6789010.00),(133,1590374917,-6109.00,6821297.00,6869820.00,6786416.00),(134,1590374917,-8667.00,6818693.00,6867903.00,6784415.00),(135,1590374917,-16095.00,6816590.00,6865527.00,6781137.00),(136,1590374917,-17975.00,6814741.00,6863588.00,6779322.00),(137,1590374917,-12029.00,6813053.00,6862422.00,6778440.00),(138,1590374917,-24984.00,6811858.00,6860560.00,6776861.00),(139,1590374917,-16428.00,6810713.00,6859405.00,6776025.00),(140,1590374917,-14805.00,6809588.00,6858759.00,6774904.00),(141,1590374917,-21256.00,6809165.00,6858607.00,6774169.00),(142,1590374917,-14154.00,6809413.00,6858390.00,6774808.00),(143,1590374917,-15047.00,6809562.00,6858438.00,6774945.00),(144,1590374917,-15820.00,6810096.00,6859079.00,6775243.00),(145,1590374917,-13368.00,6811406.00,6860268.00,6776193.00),(146,1590374917,-6667.00,6812080.00,6861194.00,6777014.00),(147,1590374917,-10062.00,6813187.00,6861962.00,6778041.00),(148,1590374917,-6581.00,6813937.00,6862781.00,6778968.00),(149,1590374917,3722.00,6814834.00,6863972.00,6780003.00),(150,1590374917,-6783.00,6815292.00,6864455.00,6780521.00),(151,1590374917,-1585.00,6815641.00,6864418.00,6780924.00),(152,1590374917,-1635.00,6816658.00,6864550.00,6780173.00),(153,1590374917,-8067.00,6817809.00,6866166.00,6782355.00),(154,1590374917,-2193.00,6819995.00,6869230.00,6785896.00),(155,1590374917,3848.00,6823035.00,6872620.00,6788782.00),(156,1590374917,3196.00,6825658.00,6874239.00,6790412.00),(157,1590374917,-2098.00,6826736.00,6875700.00,6791948.00),(158,1590374917,10907.00,6825912.00,6875313.00,6791175.00),(159,1590374917,4712.00,6823655.00,6872643.00,6789146.00),(160,1590374917,4069.00,6820812.00,6869961.00,6786577.00),(161,1590374917,-2855.00,6818387.00,6867419.00,6783728.00),(162,1590374917,-6002.00,6815830.00,6864668.00,6781198.00),(163,1590374917,-3277.00,6813427.00,6863349.00,6778593.00),(164,1590374917,-3519.00,6812988.00,6862184.00,6778367.00),(165,1590374917,-7728.00,6812760.00,6861238.00,6778113.00),(166,1590374917,-11401.00,6813800.00,6862442.00,6778870.00),(167,1590374917,2320.00,6816220.00,6864877.00,6781224.00),(168,1590374917,6228.00,6819501.00,6868971.00,6785256.00),(169,1590374917,5919.00,6824866.00,6873297.00,6789560.00),(170,1590374917,16378.00,6828088.00,6876834.00,6793048.00),(171,1590374917,18575.00,6827935.00,6876683.00,6792775.00),(172,1590374917,7156.00,6825226.00,6873833.00,6790514.00),(173,1590374917,-1990.00,6820922.00,6869934.00,6786061.00),(174,1590374917,1954.00,6817082.00,6865847.00,6782050.00),(175,1590374917,-5166.00,6814065.00,6863366.00,6779464.00),(176,1590374917,-3901.00,6812486.00,6861561.00,6777818.00),(177,1590374917,-9347.00,6811223.00,6860120.00,6776178.00),(178,1590374917,-3956.00,6810495.00,6859163.00,6775755.00),(179,1590374917,-4799.00,6809977.00,6858001.00,6773433.00),(180,1590374917,-11017.00,6808982.00,6857268.00,6773285.00),(181,1590374917,-14962.00,6808662.00,6857398.00,6773782.00),(182,1590374917,-10566.00,6809302.00,6858153.00,6774028.00),(183,1590374917,-5410.00,6810236.00,6859639.00,6775774.00),(184,1590374917,7067.00,6812966.00,6861771.00,6776873.00),(185,1590374917,1361.00,6815511.00,6864595.00,6781110.00),(186,1590374917,947.00,6819651.00,6868138.00,6784160.00),(187,1590374917,2133.00,6822480.00,6871170.00,6787348.00),(188,1590374917,6089.00,6824285.00,6873004.00,6788964.00),(189,1590374917,10858.00,6825101.00,6874222.00,6790793.00),(190,1590374917,3548.00,6825147.00,6873985.00,6789791.00),(191,1590374917,13515.00,6823797.00,6872384.00,6788692.00),(192,1590374917,4920.00,6822144.00,6871310.00,6787498.00),(193,1590374917,7638.00,6820985.00,6870022.00,6785725.00),(194,1590374917,2209.00,6820199.00,6869003.00,6785079.00),(195,1590374917,-5406.00,6818428.00,6867787.00,6783935.00),(196,1590374917,-4666.00,6817179.00,6866327.00,6782207.00),(197,1590374917,-6130.00,6816618.00,6864947.00,6781077.00),(198,1590374917,-7353.00,6815588.00,6864534.00,6780819.00),(199,1590374917,-7155.00,6815106.00,6863716.00,6779188.00),(200,1590374917,-9120.00,6814152.00,6863071.00,6779274.00),(201,1590374917,-10322.00,6813983.00,6863117.00,6779321.00),(202,1590374917,-8610.00,6814123.00,6863429.00,6779105.00),(203,1590374917,-1716.00,6814926.00,6863521.00,6779801.00),(204,1590374917,-355.00,6814365.00,6863034.00,6779531.00),(205,1590374917,745.00,6814197.00,6863095.00,6779088.00),(206,1590374917,-4265.00,6814531.00,6863595.00,6779947.00),(207,1590374917,-2159.00,6815578.00,6864028.00,6780584.00),(208,1590374917,-10398.00,6816106.00,6864628.00,6780420.00),(209,1590374917,-6615.00,6816251.00,6865314.00,6781518.00),(210,1590374917,-2645.00,6816220.00,6865068.00,6781382.00),(211,1590374917,273.00,6816354.00,6865516.00,6781069.00),(212,1590374917,-425.00,6817059.00,6866150.00,6782158.00),(213,1590374917,-2352.00,6817756.00,6866665.00,6783062.00),(214,1590374917,1936.00,6818184.00,6867294.00,6783631.00),(215,1590374917,4755.00,6818362.00,6867502.00,6783527.00),(216,1590374917,4462.00,6818843.00,6867889.00,6783605.00),(217,1590374917,3689.00,6820228.00,6868998.00,6785206.00),(218,1590374917,4204.00,6821671.00,6870459.00,6786680.00),(219,1590374917,5645.00,6822224.00,6871375.00,6787667.00),(220,1590374917,5341.00,6822502.00,6871453.00,6787505.00),(221,1590374917,9695.00,6822714.00,6871490.00,6788134.00),(222,1590374917,11235.00,6822259.00,6870833.00,6787262.00),(223,1590374917,13752.00,6820154.00,6869154.00,6785251.00),(224,1590374917,15614.00,6819255.00,6868092.00,6783612.00),(225,1590374917,11024.00,6817823.00,6866402.00,6782814.00),(226,1590374917,6692.00,6817908.00,6865967.00,6781722.00),(227,1590374917,5359.00,6817134.00,6866275.00,6782724.00),(228,1590374917,5238.00,6816581.00,6865491.00,6781699.00),(229,1590374917,10766.00,6816846.00,6865570.00,6781663.00),(230,1590374917,5927.00,6816451.00,6865568.00,6781455.00),(231,1590374917,9071.00,6816203.00,6865113.00,6781691.00),(232,1590374917,11456.00,6816499.00,6865436.00,6781370.00),(233,1590374917,7100.00,6817181.00,6866396.00,6782059.00),(234,1590374917,5995.00,6817476.00,6866280.00,6782486.00),(235,1590374917,1690.00,6817439.00,6866392.00,6782614.00),(236,1590374917,3937.00,6817450.00,6866740.00,6782299.00),(237,1590374917,7080.00,6817142.00,6866599.00,6782648.00),(238,1590374917,7578.00,6817208.00,6865849.00,6782006.00),(239,1590374917,6593.00,6816682.00,6865242.00,6781608.00),(240,1590374917,14597.00,6816712.00,6866154.00,6782221.00),(241,1590374917,10144.00,6817472.00,6866608.00,6783022.00),(242,1590374917,11224.00,6818348.00,6866898.00,6783388.00),(243,1590374917,16465.00,6819143.00,6868525.00,6784260.00),(244,1590374917,19484.00,6820649.00,6869304.00,6785998.00),(245,1590374917,20146.00,6821366.00,6870140.00,6786632.00),(246,1590374917,15279.00,6822084.00,6870879.00,6787219.00),(247,1590374917,2638.00,6822860.00,6871587.00,6787506.00),(248,1590374917,8309.00,6822444.00,6871470.00,6787636.00),(249,1590374917,11406.00,6821805.00,6870380.00,6786066.00),(250,1590374917,13128.00,6819916.00,6868842.00,6785390.00),(251,1590374917,11366.00,6818749.00,6867483.00,6783512.00),(252,1590374917,16135.00,6816561.00,6865938.00,6782044.00),(253,1590374917,2090.00,6816619.00,6864893.00,6780605.00),(254,1590374917,2457.00,6815138.00,6864283.00,6780231.00),(255,1590374917,-4173.00,6815181.00,6864291.00,6780614.00),(256,1590374917,-1526.00,6815691.00,6864317.00,6780681.00),(257,1590374917,8447.00,6815545.00,6864190.00,6780300.00),(258,1590374917,10055.00,6814543.00,6864010.00,6779946.00),(259,1590374917,7325.00,6813956.00,6863184.00,6779423.00),(260,1590374917,2691.00,6814065.00,6862441.00,6778729.00),(261,1590374917,1564.00,6812706.00,6861364.00,6777291.00),(262,1590374917,3951.00,6811785.00,6860760.00,6776391.00),(263,1590374917,-7015.00,6811474.00,6860067.00,6776587.00),(264,1590374917,-15361.00,6810995.00,6859594.00,6775944.00),(265,1590374917,-12214.00,6810705.00,6859843.00,6776394.00),(266,1590374917,-15452.00,6811357.00,6860073.00,6776362.00),(267,1590374917,-9704.00,6811856.00,6860441.00,6776881.00),(268,1590374917,-6537.00,6812109.00,6861497.00,6777135.00),(269,1590374917,559.00,6813156.00,6861938.00,6778069.00),(270,1590374917,-5645.00,6814757.00,6863144.00,6779354.00),(271,1590374917,-3001.00,6815998.00,6865588.00,6781363.00),(272,1590374917,-8856.00,6817788.00,6866362.00,6782556.00),(273,1590374917,-10976.00,6819864.00,6868657.00,6784453.00),(274,1590374917,-3841.00,6820606.00,6869810.00,6785798.00),(275,1590374917,4423.00,6821357.00,6870267.00,6786420.00),(276,1590374917,8159.00,6820114.00,6868734.00,6785056.00),(277,1590374917,2670.00,6818696.00,6867396.00,6783951.00),(278,1590374917,4759.00,6816967.00,6866170.00,6782093.00),(279,1590374917,-2531.00,6816050.00,6864867.00,6780948.00),(280,1590374917,-3694.00,6814029.00,6863080.00,6779227.00),(281,1590374917,-6564.00,6813076.00,6862172.00,6778466.00),(282,1590374917,375.00,6812223.00,6861529.00,6777199.00),(283,1590374917,-4398.00,6811290.00,6860461.00,6776387.00),(284,1590374917,-6725.00,6810957.00,6859983.00,6776307.00),(285,1590374917,-14284.00,6811276.00,6859944.00,6775450.00),(286,1590374917,-7986.00,6812085.00,6860731.00,6776387.00),(287,1590374917,-1559.00,6814122.00,6863025.00,6779569.00),(288,1590374917,3893.00,6817454.00,6866109.00,6782562.00),(289,1590374917,9279.00,6821307.00,6870602.00,6787099.00),(290,1590374917,6334.00,6825892.00,6874802.00,6790459.00),(291,1590374917,3026.00,6828838.00,6877759.00,6793863.00),(292,1590374917,12710.00,6828823.00,6877376.00,6793681.00),(293,1590374917,7195.00,6826072.00,6875259.00,6791414.00),(294,1590374917,-1407.00,6824081.00,6872897.00,6789010.00),(295,1590374917,-5811.00,6822897.00,6872060.00,6788068.00),(296,1590374917,-3229.00,6821500.00,6870624.00,6785769.00),(297,1590374917,-2138.00,6819550.00,6868517.00,6784743.00),(298,1590374917,-2467.00,6819326.00,6868305.00,6784153.00),(299,1590374917,-7165.00,6818887.00,6868086.00,6784389.00),(300,1629685762,-14380.00,6819107.00,6868005.00,6784543.00),(301,1629685762,-7316.00,6818057.00,6867826.00,6783652.00),(302,1629685762,-14210.00,6818061.00,6867099.00,6783126.00),(303,1629685762,-9620.00,6816578.00,6865483.00,6781883.00),(304,1629685762,-11089.00,6815141.00,6864137.00,6780322.00),(305,1629685762,-5619.00,6814348.00,6863104.00,6779592.00),(306,1629685762,-8529.00,6813989.00,6862927.00,6779430.00),(307,1629685762,-10686.00,6814450.00,6863106.00,6778869.00),(308,1629685762,-14961.00,6814555.00,6863131.00,6778985.00),(309,1629685762,-10172.00,6814502.00,6863501.00,6779200.00),(310,1629685762,-11236.00,6814963.00,6864345.00,6780604.00),(311,1629685762,-2089.00,6816056.00,6865070.00,6780769.00),(312,1629685762,-68.00,6815745.00,6864791.00,6780414.00),(313,1629685762,1906.00,6816764.00,6865559.00,6782188.00),(314,1629685762,7555.00,6819086.00,6867648.00,6784433.00),(315,1629685762,2720.00,6820658.00,6869987.00,6785994.00),(316,1629685762,2276.00,6824167.00,6872073.00,6787858.00),(317,1629685762,-1057.00,6824936.00,6874048.00,6789805.00),(318,1629685762,1116.00,6824881.00,6873985.00,6790286.00),(319,1629685762,3141.00,6823060.00,6872045.00,6788086.00),(320,1629685762,-4951.00,6819672.00,6868870.00,6784852.00),(321,1629685762,-6967.00,6817620.00,6866661.00,6782798.00),(322,1629685762,-1461.00,6817128.00,6866536.00,6783181.00),(323,1629685762,-3992.00,6817386.00,6866586.00,6782938.00),(324,1629685762,-7616.00,6817383.00,6867016.00,6783362.00),(325,1629685762,-4559.00,6818581.00,6867211.00,6783523.00),(326,1629685762,-2136.00,6818680.00,6867284.00,6782975.00),(327,1629685762,826.00,6818600.00,6867580.00,6783192.00),(328,1629685762,6.00,6819130.00,6867951.00,6784203.00),(329,1629685762,-214.00,6818566.00,6868127.00,6784288.00),(330,1629685762,-5728.00,6818866.00,6867117.00,6782584.00),(331,1629685762,-1634.00,6817662.00,6866240.00,6782356.00),(332,1629685762,-4441.00,6816742.00,6866081.00,6781685.00),(333,1629685762,-3894.00,6816091.00,6864615.00,6780246.00),(334,1629685762,493.00,6814025.00,6862851.00,6779649.00),(335,1629685762,-3296.00,6814239.00,6863330.00,6779952.00),(336,1629685762,-10993.00,6813918.00,6863241.00,6779774.00),(337,1629685762,-11619.00,6814644.00,6863731.00,6780110.00),(338,1629685762,-16566.00,6815052.00,6864023.00,6780231.00),(339,1629685762,-5632.00,6816266.00,6865223.00,6781053.00),(340,1629685762,-5364.00,6818358.00,6867095.00,6783147.00),(341,1629685762,-4802.00,6820709.00,6869621.00,6785612.00),(342,1629685762,1200.00,6823721.00,6872168.00,6788391.00),(343,1629685762,2581.00,6824896.00,6874402.00,6790290.00),(344,1629685762,3377.00,6825333.00,6873830.00,6790191.00),(345,1629685762,-2311.00,6823535.00,6872464.00,6788875.00),(346,1629685762,-6612.00,6821734.00,6870822.00,6787117.00),(347,1629685762,-952.00,6820268.00,6868794.00,6785236.00),(348,1629685762,1023.00,6818983.00,6868094.00,6784074.00),(349,1629685762,1961.00,6818976.00,6867697.00,6784401.00),(350,1629685762,-701.00,6819412.00,6868024.00,6784247.00),(351,1629685762,365.00,6818564.00,6868052.00,6783887.00),(352,1629685762,1560.00,6819737.00,6868618.00,6784185.00),(353,1629685762,6671.00,6821189.00,6870137.00,6786351.00),(354,1629685762,6716.00,6822774.00,6872022.00,6788197.00),(355,1629685762,7337.00,6823526.00,6872049.00,6788442.00),(356,1629685762,6075.00,6821700.00,6870714.00,6786906.00),(357,1629685762,-1135.00,6819761.00,6868691.00,6784806.00),(358,1629685762,119.00,6817315.00,6866478.00,6782679.00),(359,1629685762,-1480.00,6816836.00,6865117.00,6781217.00),(360,1629685762,-5766.00,6815112.00,6864301.00,6780078.00),(361,1629685762,-942.00,6814589.00,6863615.00,6780281.00),(362,1629685762,-103.00,6814626.00,6863314.00,6779410.00),(363,1629685762,621.00,6814018.00,6863115.00,6779640.00),(364,1629685762,1285.00,6813754.00,6862699.00,6778699.00),(365,1629685762,-7284.00,6814295.00,6862986.00,6779300.00),(366,1629685762,2923.00,6816000.00,6865288.00,6781790.00),(367,1629685762,891.00,6819199.00,6868009.00,6784333.00),(368,1629685762,5624.00,6822227.00,6871236.00,6786984.00),(369,1629685762,11690.00,6825747.00,6874136.00,6790295.00),(370,1629685762,15090.00,6826954.00,6876281.00,6791785.00),(371,1629685762,17785.00,6826120.00,6875221.00,6790976.00),(372,1629685762,11582.00,6824181.00,6873376.00,6789437.00),(373,1629685762,5527.00,6821615.00,6870342.00,6786668.00),(374,1629685762,5640.00,6819363.00,6868195.00,6784523.00),(375,1629685762,5292.00,6818345.00,6867566.00,6783482.00),(376,1629685762,6442.00,6817833.00,6866841.00,6782841.00),(377,1629685762,137.00,6818177.00,6866456.00,6782832.00),(378,1629685762,4460.00,6819403.00,6867963.00,6783899.00),(379,1629685762,-652.00,6820030.00,6869002.00,6784913.00),(380,1629685762,3291.00,6820806.00,6869808.00,6786317.00),(381,1629685762,292.00,6821679.00,6870375.00,6786502.00),(382,1629685762,8122.00,6821161.00,6870162.00,6786211.00),(383,1629685762,3052.00,6820051.00,6869061.00,6785431.00),(384,1629685762,2200.00,6819058.00,6867768.00,6784664.00),(385,1629685762,3395.00,6818490.00,6867371.00,6783668.00),(386,1629685762,2399.00,6817915.00,6867069.00,6783439.00),(387,1629685762,3789.00,6818024.00,6867382.00,6783149.00),(388,1629685762,5682.00,6817402.00,6866500.00,6782360.00),(389,1629685762,1519.00,6816676.00,6865438.00,6781828.00),(390,1629685762,4013.00,6816162.00,6864613.00,6780706.00),(391,1629685762,-7940.00,6815129.00,6864341.00,6779999.00),(392,1629685762,-4951.00,6814453.00,6863605.00,6779161.00),(393,1629685762,-2221.00,6814524.00,6863579.00,6780322.00),(394,1629685762,-6169.00,6815282.00,6864181.00,6779622.00),(395,1629685762,-4371.00,6816841.00,6865458.00,6781857.00),(396,1629685762,1496.00,6817644.00,6866036.00,6782618.00),(397,1629685762,6821.00,6817494.00,6866747.00,6782749.00),(398,1629685762,8635.00,6817325.00,6866702.00,6782726.00),(399,1629685762,6071.00,6817241.00,6866098.00,6782564.00),(400,1629685762,5470.00,6816696.00,6865466.00,6781378.00),(401,1629685762,1291.00,6816034.00,6865417.00,6780824.00),(402,1629685762,7624.00,6816272.00,6864877.00,6780676.00),(403,1629685762,6510.00,6815840.00,6864466.00,6780357.00),(404,1629685762,2722.00,6815471.00,6864551.00,6780595.00),(405,1629685762,10124.00,6815666.00,6864859.00,6780451.00),(406,1629685762,2692.00,6815357.00,6864330.00,6780472.00),(407,1629685762,3730.00,6815349.00,6863727.00,6780317.00),(408,1629685762,3216.00,6813650.00,6863119.00,6779194.00),(409,1629685762,951.00,6813495.00,6862662.00,6779117.00),(410,1629685762,1291.00,6813007.00,6862516.00,6778225.00),(411,1629685762,3956.00,6813102.00,6861585.00,6778053.00),(412,1629685762,-2108.00,6812830.00,6862054.00,6778311.00),(413,1629685762,-532.00,6813951.00,6863407.00,6777681.00),(414,1629685762,-4841.00,6814593.00,6863985.00,6779946.00),(415,1629685762,-3393.00,6815241.00,6864687.00,6779948.00),(416,1629685762,-4429.00,6816915.00,6864530.00,6781995.00),(417,1629685762,327.00,6816952.00,6865335.00,6782021.00),(418,1629685762,1203.00,6817734.00,6867317.00,6783427.00),(419,1629685762,-104.00,6820326.00,6867986.00,6784948.00),(420,1629685762,9631.00,6823902.00,6872721.00,6789099.00),(421,1629685762,8798.00,6827290.00,6876863.00,6793144.00),(422,1629685762,7145.00,6827764.00,6876804.00,6792857.00),(423,1629685762,6796.00,6826957.00,6875574.00,6791320.00),(424,1629685762,1849.00,6827023.00,6876008.00,6791783.00),(425,1629685762,-1078.00,6824466.00,6873475.00,6789697.00),(426,1629685762,-5595.00,6822853.00,6872087.00,6787997.00),(427,1629685762,3425.00,6822832.00,6871215.00,6786828.00),(428,1629685762,-699.00,6821638.00,6870806.00,6787042.00),(429,1629685762,-3005.00,6821007.00,6870376.00,6785848.00),(430,1629685762,2955.00,6822629.00,6870975.00,6787764.00),(431,1629685762,4655.00,6823255.00,6872421.00,6788434.00),(432,1629685762,4032.00,6823741.00,6872624.00,6788335.00),(433,1629685762,5917.00,6822299.00,6871927.00,6787732.00),(434,1629685762,-268.00,6820932.00,6869935.00,6786455.00),(435,1629685762,4969.00,6817021.00,6868338.00,6783999.00),(436,1629685762,1318.00,6815663.00,6864035.00,6780856.00),(437,1629685762,-9044.00,6814521.00,6862850.00,6779362.00),(438,1629685762,-16836.00,6815376.00,6864144.00,6780719.00),(439,1629685762,-11766.00,6814372.00,6863500.00,6779700.00),(440,1629685762,-11217.00,6814360.00,6863168.00,6778924.00),(441,1629685762,-8118.00,6813570.00,6863444.00,6778173.00),(442,1629685762,-5457.00,6814183.00,6863175.00,6778924.00),(443,1629685762,-3859.00,6814805.00,6864814.00,6780191.00),(444,1629685762,-3636.00,6816160.00,6866723.00,6781602.00),(445,1629685762,-1738.00,6819278.00,6868376.00,6784456.00),(446,1629685762,871.00,6821293.00,6870078.00,6786540.00),(447,1629685762,794.00,6824720.00,6873571.00,6789281.00),(448,1629685762,7230.00,6825370.00,6874643.00,6790562.00),(449,1629685762,8268.00,6824374.00,6873150.00,6789752.00),(450,1629685762,14866.00,6822639.00,6871469.00,6787865.00),(451,1629685762,15108.00,6820527.00,6869778.00,6786395.00),(452,1629685762,14128.00,6818645.00,6868051.00,6783928.00),(453,1629685762,-345.00,6816244.00,6865153.00,6782103.00),(454,1629685762,-3786.00,6815914.00,6865248.00,6782024.00),(455,1629685762,-5898.00,6817585.00,6866825.00,6782329.00),(456,1629685762,-609.00,6817061.00,6865750.00,6781586.00),(457,1629685762,7061.00,6818095.00,6867068.00,6782853.00),(458,1629685762,2902.00,6819972.00,6868743.00,6785180.00),(459,1629685762,-6520.00,6821026.00,6869699.00,6786133.00),(460,1629685762,-6686.00,6821574.00,6869744.00,6785562.00),(461,1629685762,9122.00,6821458.00,6871341.00,6785732.00),(462,1629685762,3402.00,6820806.00,6869781.00,6785713.00),(463,1629685762,-8197.00,6819620.00,6867968.00,6784484.00),(464,1629685762,-7156.00,6817677.00,6866459.00,6782307.00),(465,1629685762,-10309.00,6817613.00,6866222.00,6782447.00),(466,1629685762,1113.00,6815588.00,6864580.00,6780698.00),(467,1629685762,-6804.00,6815112.00,6863769.00,6780461.00),(468,1629685762,725.00,6815497.00,6864390.00,6781617.00),(469,1629685762,4000.00,6815509.00,6864375.00,6780519.00),(470,1629685762,6199.00,6814782.00,6863652.00,6780162.00),(471,1629685762,-1102.00,6815914.00,6864897.00,6781057.00),(472,1629685762,675.00,6817716.00,6866664.00,6783160.00),(473,1629685762,-1310.00,6819957.00,6869307.00,6784869.00),(474,1629685762,-5860.00,6823509.00,6872395.00,6788616.00),(475,1629685762,2066.00,6825648.00,6874296.00,6790013.00),(476,1629685762,8296.00,6825547.00,6874395.00,6790367.00),(477,1629685762,4176.00,6824340.00,6873564.00,6789309.00),(478,1629685762,-18.00,6821957.00,6871196.00,6787156.00),(479,1629685762,-1809.00,6820347.00,6869152.00,6785253.00),(480,1629685762,13814.00,6818972.00,6868310.00,6784378.00),(481,1629685762,14146.00,6819171.00,6868236.00,6784711.00),(482,1629685762,4645.00,6819638.00,6868383.00,6784442.00),(483,1629685762,10294.00,6820202.00,6869110.00,6785256.00),(484,1629685762,9015.00,6821785.00,6870663.00,6786676.00),(485,1629685762,2809.00,6822445.00,6871294.00,6787335.00),(486,1629685762,5685.00,6821981.00,6871834.00,6787411.00),(487,1629685762,6177.00,6821888.00,6871124.00,6787367.00),(488,1629685762,5236.00,6821005.00,6869908.00,6786259.00),(489,1629685762,-3762.00,6820121.00,6869021.00,6784715.00),(490,1629685762,723.00,6818334.00,6867540.00,6783427.00),(491,1629685762,-5545.00,6817440.00,6866561.00,6782509.00),(492,1629685762,-2135.00,6816679.00,6865312.00,6781307.00),(493,1629685762,-12053.00,6816024.00,6864261.00,6780092.00),(494,1629685762,-16343.00,6814823.00,6863467.00,6779335.00),(495,1629685762,-13402.00,6814492.00,6863408.00,6779884.00),(496,1629685762,-10423.00,6814283.00,6863609.00,6779465.00),(497,1629685762,-7743.00,6815214.00,6864163.00,6780445.00),(498,1629685762,-2867.00,6816281.00,6865387.00,6781356.00),(499,1629685762,-2182.00,6818563.00,6867506.00,6783726.00),(500,1629685762,-2466.00,6820227.00,6869549.00,6785193.00),(501,1629685762,6559.00,6821428.00,6870338.00,6786661.00),(502,1629685762,9824.00,6822200.00,6871727.00,6787690.00),(503,1629685762,5796.00,6823219.00,6872233.00,6788353.00),(504,1629685762,9669.00,6823017.00,6871864.00,6788240.00),(505,1629685762,7516.00,6821784.00,6871173.00,6787176.00),(506,1629685762,8380.00,6821196.00,6870691.00,6786778.00),(507,1629685762,2820.00,6821257.00,6870261.00,6786498.00),(508,1629685762,5635.00,6820771.00,6869708.00,6785548.00),(509,1629685762,8595.00,6820699.00,6869654.00,6785887.00),(510,1629685762,11695.00,6821099.00,6870455.00,6786410.00),(511,1629685762,17175.00,6822064.00,6870897.00,6786994.00),(512,1629685762,11824.00,6822510.00,6871656.00,6787648.00),(513,1629685762,6358.00,6822261.00,6871662.00,6787651.00),(514,1629685762,5488.00,6822083.00,6871083.00,6787076.00),(515,1629685762,5321.00,6821356.00,6869709.00,6785563.00),(516,1629685762,-617.00,6819410.00,6868298.00,6784017.00),(517,1629685762,-5625.00,6818178.00,6867693.00,6783950.00),(518,1629685762,-2657.00,6818034.00,6866769.00,6782772.00),(519,1629685762,2481.00,6817095.00,6866070.00,6782365.00),(520,1629685762,-543.00,6816976.00,6865842.00,6781715.00),(521,1629685762,-644.00,6816337.00,6865119.00,6780869.00),(522,1629685762,-810.00,6815542.00,6864754.00,6780841.00),(523,1629685762,-487.00,6815920.00,6864911.00,6781130.00),(524,1629685762,2551.00,6815568.00,6864344.00,6780507.00),(525,1629685762,5941.00,6815394.00,6863703.00,6779719.00),(526,1629685762,-113.00,6814820.00,6863604.00,6780055.00),(527,1629685762,2490.00,6814320.00,6863993.00,6779513.00),(528,1629685762,-7049.00,6815059.00,6863668.00,6780218.00),(529,1629685762,-2321.00,6815326.00,6864048.00,6780143.00),(530,1629685762,194.00,6815390.00,6864337.00,6780432.00),(531,1629685762,5291.00,6815830.00,6864543.00,6780320.00),(532,1629685762,10094.00,6816045.00,6865137.00,6780974.00),(533,1629685762,5898.00,6816081.00,6865149.00,6781226.00),(534,1629685762,7480.00,6816570.00,6865801.00,6782012.00),(535,1629685762,11964.00,6817628.00,6866641.00,6782667.00),(536,1629685762,8551.00,6818314.00,6867081.00,6783470.00),(537,1629685762,5377.00,6819375.00,6868199.00,6784383.00),(538,1629685762,8143.00,6820031.00,6869031.00,6785488.00),(539,1629685762,3887.00,6819978.00,6869245.00,6784881.00),(540,1629685762,9597.00,6819368.00,6868486.00,6784663.00),(541,1629685762,7537.00,6818879.00,6867014.00,6783058.00),(542,1629685762,7001.00,6817662.00,6866488.00,6782755.00),(543,1629685762,6964.00,6816173.00,6864899.00,6781360.00),(544,1629685762,11864.00,6814970.00,6863888.00,6780419.00),(545,1629685762,2067.00,6813575.00,6862619.00,6778935.00),(546,1629685762,5025.00,6813019.00,6861812.00,6778140.00),(547,1629685762,5291.00,6813406.00,6861994.00,6777162.00),(548,1629685762,38.00,6812864.00,6861531.00,6777390.00),(549,1629685762,-2913.00,6812449.00,6861650.00,6778162.00),(550,1629685762,2245.00,6814356.00,6863113.00,6778774.00),(551,1629685762,-38184.00,6821942.00,6870901.00,6786704.00),(552,1629685762,-38632.00,6822610.00,6871602.00,6787605.00),(553,1629685762,-37019.00,6823501.00,6872454.00,6788299.00),(554,1629685762,-37529.00,6822774.00,6871763.00,6787381.00),(555,1629685762,-44229.00,6822512.00,6871711.00,6787522.00),(556,1629685762,-42663.00,6823339.00,6871939.00,6787922.00),(557,1629685762,-31002.00,6822986.00,6871706.00,6788109.00),(558,1629685762,-33809.00,6823218.00,6872120.00,6788417.00),(559,1629685762,-43420.00,6824028.00,6872780.00,6788808.00),(560,1629685762,-43777.00,6824294.00,6873275.00,6789472.00),(561,1629685762,-40339.00,6823875.00,6872638.00,6788580.00),(562,1629685762,-41547.00,6823918.00,6872681.00,6788934.00),(563,1629685762,-45547.00,6823526.00,6872411.00,6788388.00),(564,1629685762,-35881.00,6822918.00,6872054.00,6787618.00),(565,1629685762,-41488.00,6822648.00,6871128.00,6786995.00),(566,1629685762,-44895.00,6821254.00,6870706.00,6786532.00),(567,1629685762,-37507.00,6820589.00,6869289.00,6785788.00),(568,1629685762,-37865.00,6819919.00,6868696.00,6784881.00),(569,1629685762,-40797.00,6819500.00,6868242.00,6784359.00),(570,1629685762,-37608.00,6819136.00,6867755.00,6783890.00),(571,1629685762,-33795.00,6818665.00,6867589.00,6783574.00),(572,1629685762,-34160.00,6818554.00,6867273.00,6783519.00),(573,1629685762,-39265.00,6818793.00,6867570.00,6783501.00),(574,1629685762,-39008.00,6818349.00,6867287.00,6783510.00),(575,1629685762,-38800.00,6817898.00,6866707.00,6782421.00),(576,1629685762,-34255.00,6818031.00,6867021.00,6783402.00),(577,1629685762,-36430.00,6818699.00,6867255.00,6783115.00),(578,1629685762,-38870.00,6819073.00,6867753.00,6783624.00),(579,1629685762,-37707.00,6820418.00,6869064.00,6785152.00),(580,1629685762,-35207.00,6821289.00,6870139.00,6785903.00),(581,1629685762,-31600.00,6821343.00,6870808.00,6786760.00),(582,1629685762,-31994.00,6822181.00,6870959.00,6787061.00),(583,1629685762,-33924.00,6823236.00,6871481.00,6787923.00),(584,1629685762,-33225.00,6825096.00,6873248.00,6788608.00),(585,1629685762,-25592.00,6825363.00,6873634.00,6789909.00),(586,1629685762,-22776.00,6825811.00,6874634.00,6790911.00),(587,1629685762,-17709.00,6825928.00,6874140.00,6790654.00),(588,1629685762,-22133.00,6825423.00,6873676.00,6789075.00),(589,1629685762,-20619.00,6824593.00,6873228.00,6789519.00),(590,1629685762,-21771.00,6823816.00,6872299.00,6788343.00),(591,1629685762,-29693.00,6823354.00,6872548.00,6788190.00),(592,1629685762,-38564.00,6822573.00,6871381.00,6787567.00),(593,1629685762,-40617.00,6821580.00,6870288.00,6786128.00),(594,1629685762,-42406.00,6820317.00,6868708.00,6784791.00),(595,1629685762,-38572.00,6819397.00,6868213.00,6784138.00),(596,1629685762,-39492.00,6818251.00,6867612.00,6783450.00),(597,1629685762,-36475.00,6817449.00,6866590.00,6782544.00),(598,1629685762,-45822.00,6817613.00,6866468.00,6781967.00),(599,1629685762,-32092.00,6817909.00,6866509.00,6782784.00),(600,1629685762,-42065.00,6817492.00,6866784.00,6783080.00),(601,1629685762,-45104.00,6818610.00,6867457.00,6783717.00),(602,1629685762,-38033.00,6819610.00,6867770.00,6784156.00),(603,1629685762,-34485.00,6820263.00,6868928.00,6784422.00),(604,1629685762,-32038.00,6820966.00,6870182.00,6786028.00),(605,1629685762,-32293.00,6822290.00,6870997.00,6787425.00),(606,1629685762,-31208.00,6823181.00,6871737.00,6787815.00),(607,1629685762,-25802.00,6823466.00,6871983.00,6787760.00),(608,1629685762,-29438.00,6823637.00,6872385.00,6788277.00),(609,1629685762,-30371.00,6824445.00,6873048.00,6788876.00),(610,1629685762,-33848.00,6824781.00,6873432.00,6789429.00),(611,1629685762,-33466.00,6825768.00,6873943.00,6789621.00),(612,1629685762,-25952.00,6825048.00,6873959.00,6790090.00),(613,1629685762,-27100.00,6825260.00,6873629.00,6789288.00),(614,1629685762,-24294.00,6824835.00,6873326.00,6788843.00),(615,1629685762,-26364.00,6824636.00,6873399.00,6789223.00),(616,1629685762,-28546.00,6823525.00,6872482.00,6788263.00),(617,1629685762,-36026.00,6822298.00,6870966.00,6787021.00),(618,1629685762,-35386.00,6821098.00,6869633.00,6785609.00),(619,1629685762,-33327.00,6819466.00,6868335.00,6784224.00),(620,1629685762,-37773.00,6818333.00,6867347.00,6783497.00),(621,1629685762,-39522.00,6819405.00,6868281.00,6784349.00),(622,1629685762,-38526.00,6820610.00,6870047.00,6785784.00),(623,1629685762,-35963.00,6822414.00,6871811.00,6786993.00),(624,1629685762,-37938.00,6823419.00,6871694.00,6787651.00),(625,1629685762,-42617.00,6821978.00,6871278.00,6787471.00),(626,1629685762,-35881.00,6820674.00,6869574.00,6785182.00),(627,1629685762,-45082.00,6818990.00,6867647.00,6783618.00),(628,1629685762,-47019.00,6817197.00,6865474.00,6782338.00),(629,1629685762,-48572.00,6815701.00,6864496.00,6780660.00),(630,1629685762,-45837.00,6814931.00,6864128.00,6779255.00),(631,1629685762,-47023.00,6813782.00,6862726.00,6778123.00),(632,1629685762,-54787.00,6813455.00,6862179.00,6778011.00),(633,1629685762,-59725.00,6813033.00,6862075.00,6778088.00),(634,1629685762,-52229.00,6813253.00,6861928.00,6778058.00),(635,1629685762,-49590.00,6813829.00,6862405.00,6778212.00),(636,1629685762,-56750.00,6814728.00,6863746.00,6779625.00),(637,1629685762,-50509.00,6816138.00,6864754.00,6780778.00),(638,1629685762,-46953.00,6817614.00,6866400.00,6782070.00),(639,1629685762,-46751.00,6820319.00,6869375.00,6785640.00),(640,1629685762,-46924.00,6822939.00,6871537.00,6787485.00),(641,1629685762,-47618.00,6825455.00,6874153.00,6790024.00),(642,1629685762,-47459.00,6826661.00,6875703.00,6791382.00),(643,1629685762,-47162.00,6826326.00,6875121.00,6790728.00),(644,1629685762,-51196.00,6824493.00,6873625.00,6789669.00),(645,1629685762,-53302.00,6822669.00,6871578.00,6787312.00),(646,1629685762,-54488.00,6820580.00,6869066.00,6784805.00),(647,1629685762,-64920.00,6818691.00,6867843.00,6783830.00),(648,1629685762,-58819.00,6817088.00,6865433.00,6781774.00),(649,1629685762,-52813.00,6815345.00,6863706.00,6780128.00),(650,1629685762,-59576.00,6814046.00,6862866.00,6779134.00),(651,1629685762,-49973.00,6813393.00,6861923.00,6778292.00),(652,1629685762,-50237.00,6813140.00,6861805.00,6777939.00),(653,1629685762,-46066.00,6813443.00,6862221.00,6777793.00),(654,1629685762,-46647.00,6814918.00,6862910.00,6779093.00),(655,1629685762,-50505.00,6816455.00,6864770.00,6781060.00),(656,1629685762,-52808.00,6818463.00,6867318.00,6783463.00),(657,1629685762,-42525.00,6821294.00,6870311.00,6786433.00),(658,1629685762,-42198.00,6824531.00,6872891.00,6789029.00),(659,1629685762,-41519.00,6826235.00,6875274.00,6790450.00),(660,1629685762,-45055.00,6827216.00,6876330.00,6792064.00),(661,1629685762,-42339.00,6827890.00,6877025.00,6792705.00),(662,1629685762,-43818.00,6827958.00,6876600.00,6793047.00),(663,1629685762,-49651.00,6828024.00,6876969.00,6793026.00),(664,1629685762,-42382.00,6826660.00,6875854.00,6791859.00),(665,1629685762,-46880.00,6825555.00,6874108.00,6789805.00),(666,1629685762,-52492.00,6823490.00,6872236.00,6788790.00),(667,1629685762,-53787.00,6822971.00,6870875.00,6786130.00),(668,1629685762,-50234.00,6820297.00,6869278.00,6784735.00),(669,1629685762,-51656.00,6818854.00,6867615.00,6783368.00),(670,1629685762,-61347.00,6818807.00,6868041.00,6783754.00),(671,1629685762,-57093.00,6819023.00,6867003.00,6782796.00),(672,1629685762,-53363.00,6818075.00,6867015.00,6782531.00),(673,1629685762,-55006.00,6818318.00,6866623.00,6781812.00),(674,1629685762,-55968.00,6817312.00,6866002.00,6781660.00),(675,1629685762,-51643.00,6818036.00,6866338.00,6781694.00),(676,1629685762,-50409.00,6818278.00,6867541.00,6783373.00),(677,1629685762,-50690.00,6819998.00,6868298.00,6784009.00),(678,1629685762,-47956.00,6821128.00,6869473.00,6785079.00),(679,1629685762,-47101.00,6821808.00,6870714.00,6785815.00),(680,1629685762,-48653.00,6822102.00,6870677.00,6786662.00),(681,1629685762,-32062.00,6821801.00,6870415.00,6785559.00),(682,1629685762,-46313.00,6821204.00,6870073.00,6785890.00),(683,1629685762,-42292.00,6821669.00,6870027.00,6785080.00),(684,1629685762,-42561.00,6821166.00,6869536.00,6785263.00),(685,1629685762,-47539.00,6820980.00,6868938.00,6784852.00),(686,1629685762,-42931.00,6820323.00,6869245.00,6785112.00),(687,1629685762,-47458.00,6820960.00,6868976.00,6784806.00),(688,1629685762,-42661.00,6821114.00,6869644.00,6785577.00),(689,1629685762,-39626.00,6822221.00,6870344.00,6785677.00),(690,1629685762,-34220.00,6822293.00,6870868.00,6787032.00),(691,1629685762,-32149.00,6822579.00,6871446.00,6786920.00),(692,1629685762,-40874.00,6823510.00,6872393.00,6788238.00),(693,1629685762,-30484.00,6825208.00,6873593.00,6789970.00),(694,1629685762,-34871.00,6825712.00,6873645.00,6788727.00),(695,1629685762,-25799.00,6824236.00,6872779.00,6788491.00),(696,1629685762,-36170.00,6822966.00,6871447.00,6787491.00),(697,1629685762,-25202.00,6820921.00,6869808.00,6785509.00),(698,1629685762,-31586.00,6818929.00,6867620.00,6783429.00),(699,1629685762,-34945.00,6817268.00,6865431.00,6781656.00),(700,1629685762,-40801.00,6816074.00,6864903.00,6780817.00),(701,1629685762,-42098.00,6815814.00,6864471.00,6780993.00),(702,1629685762,-36867.00,6816422.00,6865127.00,6780952.00),(703,1629685762,-43366.00,6816573.00,6865163.00,6781201.00),(704,1629685762,-35097.00,6816685.00,6865085.00,6781414.00),(705,1629685762,-35837.00,6816658.00,6866018.00,6782201.00),(706,1629685762,-38367.00,6818225.00,6867200.00,6782774.00),(707,1629685762,-35681.00,6819400.00,6868147.00,6784246.00),(708,1629685762,-31836.00,6820023.00,6868741.00,6784942.00),(709,1629685762,-32806.00,6821080.00,6869384.00,6785612.00),(710,1629685762,-33743.00,6821699.00,6870188.00,6786058.00),(711,1629685762,-33360.00,6821936.00,6870902.00,6786772.00),(712,1629685762,-34149.00,6821714.00,6870693.00,6786155.00),(713,1629685762,-31144.00,6821363.00,6870445.00,6786510.00),(714,1629685762,-35052.00,6820818.00,6869700.00,6785845.00),(715,1629685762,-33918.00,6821655.00,6870266.00,6786570.00),(716,1629685762,-31958.00,6822888.00,6871376.00,6787001.00),(717,1629685762,-38322.00,6823116.00,6871880.00,6787931.00),(718,1629685762,-35761.00,6824131.00,6872172.00,6787648.00),(719,1629685762,-32966.00,6824184.00,6872525.00,6788254.00),(720,1629685762,-35567.00,6824135.00,6872627.00,6788725.00),(721,1629685762,-35228.00,6823703.00,6872534.00,6788838.00),(722,1629685762,-27462.00,6823008.00,6871908.00,6788404.00),(723,1629685762,-32221.00,6822157.00,6870797.00,6786831.00),(724,1629685762,-27473.00,6820092.00,6869300.00,6785268.00),(725,1629685762,-34162.00,6819194.00,6867927.00,6783920.00),(726,1629685762,-28203.00,6817421.00,6866252.00,6782261.00),(727,1629685762,-35003.00,6816927.00,6865365.00,6781167.00),(728,1629685762,-29903.00,6815712.00,6864585.00,6780615.00),(729,1629685762,-37563.00,6815805.00,6864130.00,6780597.00),(730,1629685762,-33011.00,6815689.00,6864646.00,6780576.00),(731,1629685762,-35982.00,6815983.00,6864753.00,6780900.00),(732,1629685762,-42402.00,6816446.00,6864920.00,6780591.00),(733,1629685762,-40968.00,6817331.00,6866152.00,6782162.00),(734,1629685762,-36382.00,6817696.00,6866794.00,6782526.00),(735,1629685762,-35879.00,6818809.00,6867576.00,6783275.00),(736,1629685762,-44798.00,6819991.00,6868941.00,6784548.00),(737,1629685762,-37862.00,6820505.00,6869472.00,6785559.00),(738,1629685762,-38321.00,6821283.00,6870129.00,6786081.00),(739,1629685762,-44584.00,6822130.00,6870568.00,6786788.00),(740,1629685762,-33568.00,6821898.00,6870606.00,6786540.00),(741,1629685762,-40224.00,6821943.00,6870750.00,6786639.00),(742,1629685762,-38896.00,6822294.00,6870960.00,6787299.00),(743,1629685762,-30506.00,6823274.00,6872358.00,6788229.00),(744,1629685762,-22692.00,6823998.00,6872670.00,6788764.00),(745,1629685762,-20766.00,6824541.00,6873349.00,6788920.00),(746,1629685762,-27128.00,6824327.00,6873780.00,6789506.00),(747,1629685762,-31351.00,6824080.00,6872637.00,6787990.00),(748,1629685762,-34797.00,6823478.00,6871654.00,6787646.00),(749,1629685762,-48206.00,6821060.00,6870047.00,6786124.00),(750,1629685762,-44949.00,6820159.00,6868800.00,6784649.00),(751,1629685762,-42693.00,6818448.00,6866882.00,6783042.00),(752,1629685762,-51207.00,6817913.00,6866833.00,6782580.00),(753,1629685762,-42315.00,6818951.00,6867715.00,6783514.00),(754,1629685762,-35837.00,6820124.00,6869013.00,6784958.00),(755,1629685762,-40557.00,6821185.00,6870410.00,6786375.00),(756,1629685762,-41819.00,6822433.00,6871125.00,6786890.00),(757,1629685762,-40434.00,6822487.00,6871204.00,6787501.00),(758,1629685762,-37958.00,6822074.00,6871076.00,6786859.00),(759,1629685762,-36125.00,6821801.00,6870664.00,6786300.00),(760,1629685762,-33289.00,6821510.00,6869912.00,6785871.00),(761,1629685762,-33392.00,6821185.00,6869641.00,6786032.00),(762,1629685762,-32949.00,6820734.00,6869461.00,6785425.00),(763,1629685762,-29991.00,6820775.00,6869409.00,6785217.00),(764,1629685762,-29577.00,6820694.00,6869745.00,6785626.00),(765,1629685762,-30638.00,6820425.00,6868744.00,6784848.00),(766,1629685762,-35469.00,6821225.00,6869652.00,6785841.00),(767,1629685762,-37738.00,6822125.00,6871033.00,6786457.00),(768,1629685762,-31044.00,6823267.00,6872073.00,6787937.00),(769,1629685762,-33471.00,6825197.00,6874188.00,6790415.00),(770,1629685762,-40892.00,6825787.00,6874210.00,6790532.00),(771,1629685762,-48320.00,6825469.00,6874203.00,6790052.00),(772,1629685762,-46158.00,6825166.00,6873680.00,6789910.00),(773,1629685762,-49742.00,6824616.00,6872841.00,6789192.00),(774,1629685762,-39170.00,6823080.00,6871240.00,6787368.00),(775,1629685762,-40507.00,6821619.00,6870171.00,6786274.00),(776,1629685762,-45326.00,6821446.00,6870265.00,6786758.00),(777,1629685762,-51475.00,6821306.00,6869830.00,6785561.00),(778,1629685762,-54080.00,6820325.00,6869294.00,6785290.00),(779,1629685762,-52263.00,6819907.00,6868481.00,6784647.00),(780,1629685762,-56154.00,6820694.00,6869119.00,6784931.00),(781,1629685762,-56139.00,6821330.00,6869624.00,6786080.00),(782,1629685762,-55814.00,6821687.00,6870626.00,6786896.00),(783,1629685762,-50386.00,6823005.00,6871599.00,6787851.00),(784,1629685762,-45152.00,6822686.00,6871056.00,6787219.00),(785,1629685762,-51415.00,6821829.00,6870436.00,6786507.00),(786,1629685762,-47874.00,6820436.00,6869122.00,6785031.00),(787,1629685762,-49200.00,6819384.00,6868265.00,6784213.00),(788,1629685762,-58980.00,6818426.00,6867265.00,6783732.00),(789,1629685762,-45070.00,6817743.00,6866447.00,6782815.00),(790,1629685762,-55361.00,6817950.00,6866825.00,6782935.00),(791,1629685762,-50037.00,6818093.00,6866685.00,6782981.00),(792,1629685762,-44558.00,6818953.00,6867907.00,6783720.00),(793,1629685762,-42054.00,6821382.00,6870002.00,6786110.00),(794,1629685762,-49317.00,6824948.00,6873118.00,6788602.00),(795,1629685762,-42886.00,6827948.00,6876762.00,6793064.00),(796,1629685762,-40464.00,6829760.00,6878808.00,6794380.00),(797,1629685762,-40844.00,6829476.00,6878550.00,6794145.00),(798,1629685762,-46543.00,6827562.00,6876621.00,6792363.00),(799,1629685762,-53455.00,6824165.00,6873215.00,6788910.00),(800,1629685762,-51587.00,6820900.00,6869541.00,6785849.00),(801,1629685762,-56520.00,6819428.00,6868040.00,6783980.00),(802,1629685762,-50913.00,6819540.00,6868120.00,6784144.00),(803,1629685762,-48570.00,6818517.00,6867236.00,6782833.00),(804,1629685762,-52109.00,6817716.00,6866684.00,6782788.00),(805,1629685762,-57752.00,6817171.00,6866342.00,6782072.00),(806,1629685762,-55892.00,6817233.00,6866118.00,6781779.00),(807,1629685762,-47877.00,6817670.00,6866622.00,6782545.00),(808,1629685762,-51865.00,6818426.00,6867024.00,6783282.00),(809,1629685762,-49646.00,6820158.00,6868777.00,6785284.00),(810,1629685762,-44881.00,6821696.00,6870500.00,6786256.00),(811,1629685762,-44078.00,6822449.00,6871253.00,6786627.00),(812,1629685762,-38335.00,6823014.00,6872175.00,6788000.00),(813,1629685762,-36322.00,6823133.00,6872133.00,6788095.00),(814,1629685762,-46512.00,6824266.00,6872502.00,6788469.00),(815,1629685762,-39996.00,6824169.00,6872560.00,6788811.00),(816,1629685762,-41901.00,6824067.00,6872659.00,6788603.00),(817,1629685762,-47488.00,6823640.00,6872319.00,6788520.00),(818,1629685762,-52647.00,6822292.00,6871730.00,6787002.00),(819,1629685762,-50040.00,6821513.00,6870643.00,6786122.00),(820,1629685762,-51294.00,6821401.00,6870776.00,6786580.00),(821,1629685762,-43238.00,6822125.00,6870723.00,6786244.00),(822,1629685762,-47739.00,6823039.00,6871797.00,6787767.00),(823,1629685762,-48968.00,6824848.00,6873755.00,6789897.00),(824,1629685762,-42335.00,6826608.00,6875456.00,6791328.00),(825,1629685762,-34789.00,6826703.00,6875570.00,6791420.00),(826,1629685762,-31180.00,6826123.00,6874705.00,6790526.00),(827,1629685762,-42793.00,6824614.00,6873765.00,6789677.00),(828,1629685762,-47925.00,6823800.00,6872261.00,6788495.00),(829,1629685762,-40087.00,6821982.00,6870990.00,6786717.00),(830,1629685762,-52364.00,6820785.00,6869558.00,6786086.00),(831,1629685762,-53139.00,6820990.00,6869644.00,6784765.00),(832,1629685762,-52736.00,6819920.00,6868531.00,6784452.00),(833,1629685762,-50461.00,6819597.00,6868629.00,6784382.00),(834,1629685762,-51886.00,6820449.00,6869717.00,6785320.00),(835,1629685762,-46987.00,6821098.00,6869372.00,6785738.00),(836,1629685762,-43641.00,6821514.00,6870335.00,6786198.00),(837,1629685762,-41912.00,6821471.00,6869615.00,6785623.00),(838,1629685762,-40001.00,6821415.00,6869843.00,6785988.00),(839,1629685762,-41850.00,6821026.00,6869955.00,6785985.00),(840,1629685762,-51546.00,6821264.00,6869386.00,6785240.00),(841,1629685762,-54656.00,6821403.00,6869460.00,6786293.00),(842,1629685762,-44351.00,6820593.00,6869198.00,6785077.00),(843,1629685762,-42992.00,6819756.00,6868458.00,6784733.00),(844,1629685762,-42573.00,6820788.00,6869118.00,6784887.00),(845,1629685762,-41635.00,6821721.00,6870233.00,6786975.00),(846,1629685762,-49936.00,6822372.00,6871605.00,6787363.00),(847,1629685762,-45519.00,6824302.00,6873416.00,6789026.00),(848,1629685762,-45672.00,6825859.00,6874694.00,6790648.00),(849,1629685762,-39321.00,6826701.00,6875817.00,6792155.00),(850,1629685762,-37585.00,6828184.00,6876415.00,6792086.00),(851,1629685762,-35097.00,6827812.00,6876208.00,6791901.00),(852,1629685762,-35601.00,6827388.00,6875737.00,6791454.00),(853,1629685762,-41115.00,6826192.00,6874804.00,6790425.00),(854,1629685762,-43142.00,6824566.00,6873247.00,6789085.00),(855,1629685762,-37852.00,6823032.00,6871894.00,6787982.00),(856,1629685762,-40700.00,6822135.00,6871004.00,6786975.00),(857,1629685762,-46983.00,6821119.00,6869733.00,6785583.00),(858,1629685762,-46712.00,6819239.00,6868155.00,6783817.00),(859,1629685762,-47897.00,6818578.00,6866765.00,6782698.00),(860,1629685762,-51117.00,6817391.00,6866426.00,6782406.00),(861,1629685762,-55333.00,6816823.00,6866414.00,6782053.00),(862,1629685762,-56634.00,6817725.00,6866539.00,6782687.00),(863,1629685762,-57590.00,6818882.00,6867085.00,6783094.00),(864,1629685762,-55668.00,6818914.00,6867662.00,6783594.00),(865,1629685762,-44964.00,6819045.00,6867965.00,6783854.00),(866,1629685762,-41456.00,6820272.00,6869516.00,6785316.00),(867,1629685762,-40215.00,6821630.00,6870241.00,6785909.00),(868,1629685762,-41828.00,6822490.00,6871317.00,6787298.00),(869,1629685762,-36997.00,6822873.00,6872404.00,6788183.00),(870,1629685762,-41970.00,6824770.00,6873442.00,6789224.00),(871,1629685762,-34335.00,6825374.00,6874086.00,6789874.00),(872,1629685762,-43064.00,6825479.00,6874530.00,6790207.00),(873,1629685762,-40749.00,6826132.00,6874880.00,6791107.00),(874,1629685762,-40326.00,6825841.00,6874615.00,6790595.00),(875,1629685762,-40713.00,6825170.00,6873979.00,6789756.00),(876,1629685762,-44214.00,6824711.00,6873918.00,6789623.00),(877,1629685762,-46214.00,6824833.00,6873714.00,6789743.00),(878,1629685762,-39090.00,6824673.00,6873359.00,6788759.00),(879,1629685762,-47298.00,6824289.00,6872802.00,6788776.00),(880,1629685762,-52241.00,6823383.00,6872605.00,6788987.00),(881,1629685762,0.00,0.00,0.00,0.00),(882,1629685762,6497080.00,6497296.00,6549090.00,6466665.00),(883,1629685762,6497027.00,6497336.00,6549351.00,6467044.00),(884,1629685762,6497087.00,6496881.00,6548858.00,6466234.00),(885,1629685762,6497444.00,6497209.00,6549341.00,6466343.00),(886,1629685762,6497021.00,6497181.00,6549289.00,6466473.00),(887,1629685762,6497279.00,6497369.00,6549253.00,6466563.00),(888,1629685762,6498484.00,6497642.00,6549765.00,6466269.00),(889,1629685762,6497027.00,6497475.00,6549501.00,6467414.00),(890,1629685762,6497539.00,6497136.00,6549285.00,6466223.00),(891,1629685762,6497742.00,6497158.00,6549035.00,6466195.00),(892,1629685762,6498185.00,6497528.00,6549884.00,6466865.00),(893,1629685762,6497705.00,6497615.00,6549298.00,6466863.00),(894,1629685762,6497689.00,6497447.00,6549278.00,6466508.00),(895,1629685762,6497952.00,6497299.00,6549509.00,6467041.00),(896,1629685762,6497501.00,6497336.00,6549489.00,6467495.00),(897,1629685762,6497104.00,6497284.00,6549462.00,6467085.00),(898,1629685762,6497738.00,6497676.00,6549115.00,6466415.00),(899,1629685762,6497088.00,6497657.00,6549748.00,6467294.00),(900,1629685762,6497208.00,6497256.00,6549118.00,6467067.00),(901,1629685762,6496906.00,6497451.00,6549569.00,6467067.00),(902,1629685762,6497880.00,6497712.00,6549262.00,6466703.00),(903,1629685762,6498022.00,6497572.00,6549454.00,6466845.00),(904,1629685762,6497665.00,6497892.00,6549930.00,6467255.00),(905,1629685762,6497507.00,6497814.00,6549640.00,6467869.00),(906,1629685762,6498842.00,6497570.00,6549845.00,6466609.00),(907,1629685762,6497731.00,6498643.00,6550254.00,6468165.00),(908,1629685762,6498807.00,6497917.00,6549618.00,6467564.00),(909,1629685762,6498220.00,6497985.00,6550003.00,6467570.00),(910,1629685762,6498484.00,6497808.00,6549775.00,6466499.00),(911,1629685762,6497688.00,6497761.00,6549673.00,6467504.00),(912,1629685762,6498074.00,6498234.00,6550569.00,6467509.00),(913,1629685762,6498383.00,6498158.00,6550253.00,6467619.00),(914,1629685762,6498646.00,6498150.00,6550319.00,6467577.00),(915,1629685762,6497289.00,6498082.00,6550648.00,6468332.00),(916,1629685762,6498170.00,6497972.00,6549833.00,6467555.00),(917,1629685762,6498846.00,6498359.00,6550620.00,6467334.00),(918,1629685762,6498450.00,6498214.00,6550306.00,6467677.00),(919,1629685762,6498455.00,6498163.00,6550417.00,6467748.00),(920,1629685762,6498375.00,6498235.00,6550126.00,6468130.00),(921,1629685762,6498225.00,6498564.00,6550747.00,6468124.00),(922,1629685762,6499489.00,6499448.00,6551691.00,6468834.00),(923,1629685762,6501785.00,6500220.00,6551991.00,6468779.00),(924,1629685762,6500612.00,6500423.00,6552626.00,6469870.00),(925,1629685762,6501794.00,6500995.00,6552743.00,6470127.00),(926,1629685762,6500223.00,6501723.00,6553671.00,6471813.00),(927,1629685762,6501857.00,6501197.00,6553415.00,6470323.00),(928,1629685762,6501862.00,6501391.00,6553408.00,6470501.00),(929,1629685762,6501184.00,6501664.00,6554223.00,6471713.00),(930,1629685762,6502045.00,6501699.00,6553327.00,6470976.00),(931,1629685762,6502062.00,6501506.00,6553375.00,6470664.00),(932,1629685762,6502713.00,6501732.00,6553284.00,6471051.00),(933,1629685762,6500970.00,6500866.00,6553252.00,6470991.00),(934,1629685762,6500562.00,6501373.00,6552973.00,6470989.00),(935,1629685762,6501248.00,6501032.00,6553202.00,6470665.00),(936,1629685762,6500972.00,6500915.00,6552990.00,6470462.00),(937,1629685762,6501145.00,6501026.00,6552944.00,6470417.00),(938,1629685762,6500410.00,6500973.00,6553050.00,6470971.00),(939,1629685762,6501080.00,6501204.00,6552939.00,6470213.00),(940,1629685762,6500990.00,6501204.00,6552537.00,6469943.00),(941,1629685762,6500410.00,6500193.00,6552361.00,6469975.00),(942,1629685762,6499212.00,6499079.00,6550769.00,6468682.00),(943,1629685762,6499066.00,6498956.00,6550895.00,6469054.00),(944,1629685762,6497670.00,6498149.00,6550105.00,6468085.00),(945,1629685762,6497012.00,6497753.00,6549836.00,6467847.00),(946,1629685762,6497906.00,6497214.00,6549544.00,6466991.00),(947,1629685762,6498401.00,6497760.00,6549827.00,6466756.00),(948,1629685762,6497271.00,6497064.00,6549587.00,6466841.00),(949,1629685762,6497211.00,6496606.00,6548085.00,6465440.00),(950,1629685762,6496356.00,6496591.00,6548754.00,6465761.00),(951,1629685762,6496162.00,6496666.00,6548537.00,6465882.00),(952,1629685762,6496765.00,6496664.00,6548502.00,6466226.00),(953,1629685762,6497333.00,6496952.00,6549077.00,6466862.00),(954,1629685762,6497026.00,6497119.00,6549161.00,6466906.00),(955,1629685762,6497207.00,6497458.00,6549502.00,6467164.00),(956,1629685762,6497882.00,6497586.00,6549574.00,6467040.00),(957,1629685762,6497452.00,6497689.00,6549757.00,6467777.00),(958,1629685762,6497823.00,6497813.00,6549514.00,6466786.00),(959,1629685762,6497523.00,6497771.00,6550008.00,6468079.00),(960,1629685762,6498329.00,6497954.00,6549884.00,6467617.00),(961,1629685762,6498321.00,6498454.00,6550402.00,6468320.00),(962,1629685762,6498950.00,6498343.00,6550550.00,6468047.00),(963,1629685762,6498333.00,6499353.00,6551589.00,6469686.00),(964,1629685762,6499809.00,6499675.00,6551176.00,6468398.00),(965,1629685762,6500172.00,6499613.00,6550905.00,6469078.00),(966,1629685762,6500267.00,6499973.00,6551983.00,6468958.00),(967,1629685762,6500401.00,6499767.00,6551497.00,6468699.00),(968,1629685762,6499993.00,6500363.00,6552439.00,6470008.00),(969,1629685762,6500636.00,6500206.00,6552183.00,6469401.00),(970,1629685762,6499479.00,6500274.00,6552396.00,6469842.00),(971,1629685762,6499241.00,6500049.00,6551911.00,6469712.00),(972,1629685762,6498605.00,6498988.00,6551258.00,6469103.00),(973,1629685762,6498970.00,6498931.00,6551205.00,6469006.00),(974,1629685762,6498584.00,6499061.00,6550723.00,6468560.00),(975,1629685762,6498718.00,6499403.00,6551530.00,6468927.00),(976,1629685762,6499349.00,6499082.00,6551044.00,6468351.00),(977,1629685762,6498337.00,6499146.00,6551465.00,6469476.00),(978,1629685762,6499248.00,6499147.00,6551165.00,6468882.00),(979,1629685762,6498923.00,6499127.00,6551233.00,6469069.00),(980,1629685762,6499570.00,6499447.00,6551206.00,6468204.00),(981,1629685762,6500061.00,6499793.00,6551955.00,6469203.00),(982,1629685762,6498901.00,6499551.00,6551820.00,6469783.00),(983,1629685762,6499361.00,6499954.00,6551473.00,6469490.00),(984,1629685762,6499396.00,6499514.00,6551921.00,6469404.00),(985,1629685762,6499798.00,6499353.00,6550943.00,6468033.00),(986,1629685762,6499225.00,6499061.00,6551200.00,6468710.00),(987,1629685762,6499185.00,6499389.00,6551427.00,6468840.00),(988,1629685762,6499176.00,6499079.00,6550894.00,6468422.00),(989,1629685762,6499336.00,6499156.00,6551301.00,6468572.00),(990,1629685762,6499404.00,6499260.00,6551060.00,6469174.00),(991,1629685762,6498758.00,6499379.00,6551563.00,6469007.00),(992,1629685762,6498645.00,6499404.00,6551032.00,6469196.00),(993,1629685762,6498537.00,6499171.00,6551234.00,6468759.00),(994,1629685762,6498968.00,6499392.00,6551662.00,6469170.00),(995,1629685762,6499810.00,6499409.00,6551457.00,6469174.00),(996,1629685762,6499471.00,6500039.00,6551653.00,6469401.00),(997,1629685762,6499895.00,6499787.00,6551448.00,6468904.00),(998,1629685762,6499189.00,6499947.00,6551885.00,6469718.00),(999,1629685762,6499544.00,6499659.00,6551327.00,6469067.00),(1000,1629688837,6499488.00,6499636.00,6551732.00,6469334.00),(1001,1629688837,6500530.00,6500010.00,6551860.00,6469205.00),(1002,1629688837,6500188.00,6499928.00,6551924.00,6469552.00),(1003,1629688837,6500045.00,6499792.00,6551995.00,6469557.00),(1004,1629688837,6500374.00,6500402.00,6552259.00,6469968.00),(1005,1629688837,6500030.00,6500051.00,6552132.00,6469249.00),(1006,1629688837,6500095.00,6500196.00,6552028.00,6469654.00),(1007,1629688837,6500148.00,6500156.00,6552141.00,6469316.00),(1008,1629688837,6499936.00,6499796.00,6551843.00,6469143.00),(1009,1629688837,6498756.00,6500021.00,6551577.00,6469428.00),(1010,1629688837,6499908.00,6499640.00,6551704.00,6469215.00),(1011,1629688837,6498554.00,6499572.00,6551407.00,6469860.00),(1012,1629688837,6499521.00,6499801.00,6552021.00,6469472.00),(1013,1629688837,6499900.00,6499716.00,6551552.00,6468724.00),(1014,1629688837,6498925.00,6499775.00,6551711.00,6469614.00),(1015,1629688837,6500560.00,6499703.00,6551518.00,6468847.00),(1016,1629688837,6500463.00,6499973.00,6551959.00,6469190.00),(1017,1629688837,6500206.00,6500000.00,6551802.00,6468856.00),(1018,1629688837,6500130.00,6499531.00,6551422.00,6468617.00),(1019,1629688837,6499574.00,6499939.00,6551377.00,6468976.00),(1020,1629688837,6499012.00,6499110.00,6551036.00,6469080.00),(1021,1629688837,6499696.00,6499159.00,6551218.00,6468112.00),(1022,1629688837,6498900.00,6499524.00,6550865.00,6469298.00),(1023,1629688837,6499827.00,6499280.00,6551292.00,6469139.00),(1024,1629688837,6499661.00,6499340.00,6550705.00,6467973.00),(1025,1629688837,6499469.00,6498795.00,6550875.00,6468213.00),(1026,1629688837,6499107.00,6498920.00,6551137.00,6468524.00),(1027,1629688837,6499113.00,6498891.00,6550462.00,6468069.00),(1028,1629688837,6498457.00,6499041.00,6551296.00,6469276.00),(1029,1629688837,6498960.00,6498764.00,6551045.00,6468607.00),(1030,1629688837,6499288.00,6499108.00,6551164.00,6468539.00),(1031,1629688837,6498525.00,6498795.00,6550137.00,6468299.00),(1032,1629688837,6498865.00,6498363.00,6550401.00,6467266.00),(1033,1629688837,6498263.00,6498784.00,6550711.00,6468210.00),(1034,1629688837,6498742.00,6498500.00,6550349.00,6467594.00),(1035,1629688837,6498612.00,6499005.00,6551267.00,6468888.00),(1036,1629688837,6498303.00,6499214.00,6550786.00,6468983.00),(1037,1629688837,6498969.00,6499267.00,6551605.00,6468486.00),(1038,1629688837,6499161.00,6499172.00,6550762.00,6468693.00),(1039,1629688837,6498665.00,6498832.00,6551108.00,6468107.00),(1040,1629688837,6498981.00,6499050.00,6551261.00,6468172.00),(1041,1629688837,6499197.00,6499385.00,6551201.00,6468698.00),(1042,1629688837,6499448.00,6499368.00,6551288.00,6468859.00),(1043,1629688837,6499064.00,6499730.00,6551233.00,6469024.00),(1044,1629688837,6499955.00,6499504.00,6551450.00,6468922.00),(1045,1629688837,6499123.00,6499335.00,6551001.00,6468621.00),(1046,1629688837,6500060.00,6499042.00,6551246.00,6468600.00),(1047,1629688837,6498653.00,6499226.00,6551332.00,6468886.00),(1048,1629688837,6499634.00,6499385.00,6551271.00,6468923.00),(1049,1629688837,6498817.00,6499646.00,6551834.00,6469650.00),(1050,1629688837,6499383.00,6499305.00,6551094.00,6469196.00),(1051,1629688837,6499910.00,6499068.00,6551099.00,6468070.00),(1052,1629688837,6498705.00,6499402.00,6551124.00,6468860.00),(1053,1629688837,6499315.00,6499137.00,6550799.00,6468516.00),(1054,1629688837,6500197.00,6499074.00,6551086.00,6468380.00),(1055,1629688837,6499232.00,6499020.00,6550946.00,6468849.00),(1056,1629688837,6500081.00,6499170.00,6551558.00,6468020.00),(1057,1629688837,6498975.00,6499218.00,6550874.00,6469194.00),(1058,1629688837,6498810.00,6499117.00,6551466.00,6469237.00),(1059,1629688837,6498532.00,6499305.00,6551326.00,6469281.00),(1060,1629688837,6499181.00,6498945.00,6551173.00,6468175.00),(1061,1629688837,6498420.00,6499101.00,6550941.00,6468727.00),(1062,1629688837,6498809.00,6498988.00,6551130.00,6468729.00),(1063,1629688837,6499500.00,6498316.00,6550444.00,6467828.00),(1064,1629688837,6498081.00,6499068.00,6550754.00,6468819.00),(1065,1629688837,6498994.00,6498808.00,6551384.00,6468656.00),(1066,1629688837,6498215.00,6498851.00,6550998.00,6469027.00),(1067,1629688837,6499658.00,6499222.00,6551154.00,6468502.00),(1068,1629688837,6499198.00,6499372.00,6551109.00,6468571.00),(1069,1629688837,6498359.00,6499103.00,6551124.00,6469140.00),(1070,1629688837,6498831.00,6499070.00,6550993.00,6468812.00),(1071,1629688837,6498584.00,6499388.00,6550926.00,6468609.00),(1072,1629688837,6499986.00,6499302.00,6551523.00,6468702.00),(1073,1629688837,6499707.00,6499240.00,6551238.00,6468651.00),(1074,1629688837,6499506.00,6499342.00,6551581.00,6468655.00),(1075,1629688837,6499037.00,6499064.00,6551167.00,6468649.00),(1076,1629688837,6499831.00,6499278.00,6551370.00,6468442.00),(1077,1629688837,6498803.00,6499387.00,6551124.00,6469016.00),(1078,1629688837,6500173.00,6498897.00,6550635.00,6467441.00),(1079,1629688837,6499936.00,6499881.00,6551944.00,6469068.00),(1080,1629688837,6499176.00,6499022.00,6551007.00,6468790.00),(1081,1629688837,6498725.00,6499178.00,6551113.00,6469229.00),(1082,1629688837,6499464.00,6499365.00,6551124.00,6468831.00),(1083,1629688837,6499304.00,6499100.00,6551369.00,6468383.00),(1084,1629688837,6500097.00,6499377.00,6551185.00,6468262.00),(1085,1629688837,6499231.00,6499653.00,6551925.00,6469474.00),(1086,1629688837,6499698.00,6499830.00,6551729.00,6468696.00),(1087,1629688837,6500412.00,6499859.00,6551779.00,6468933.00),(1088,1629688837,6500669.00,6500557.00,6552519.00,6469803.00),(1089,1629688837,6500356.00,6500558.00,6552489.00,6470277.00),(1090,1629688837,6500738.00,6500086.00,6552546.00,6469275.00),(1091,1629688837,6500168.00,6499979.00,6551968.00,6469695.00),(1092,1629688837,6501094.00,6499836.00,6551644.00,6468669.00),(1093,1629688837,6499095.00,6499809.00,6551680.00,6469566.00),(1094,1629688837,6499059.00,6499218.00,6551483.00,6469085.00),(1095,1629688837,6499334.00,6499439.00,6551741.00,6469121.00),(1096,1629688837,6499977.00,6499788.00,6551457.00,6469214.00),(1097,1629688837,6499899.00,6499578.00,6551937.00,6468885.00),(1098,1629688837,6500046.00,6499781.00,6551563.00,6469135.00),(1099,1629688837,6500473.00,6499916.00,6551932.00,6469027.00),(1100,1629688837,6499851.00,6499986.00,6551799.00,6469778.00),(1101,1629688837,6500122.00,6499617.00,6551846.00,6469175.00),(1102,1629688837,6499460.00,6500295.00,6552057.00,6469787.00),(1103,1629688837,6501020.00,6499972.00,6551936.00,6468782.00),(1104,1629688837,6500177.00,6500462.00,6551924.00,6469826.00),(1105,1629688837,6501241.00,6500222.00,6552553.00,6469836.00),(1106,1629688837,6499968.00,6500425.00,6552666.00,6469790.00),(1107,1629688837,6499952.00,6500025.00,6551894.00,6469740.00),(1108,1629688837,6499933.00,6500339.00,6552368.00,6469957.00),(1109,1629688837,6500481.00,6500510.00,6552082.00,6469785.00),(1110,1629688837,6500536.00,6499829.00,6552319.00,6469573.00),(1111,1629688837,6500623.00,6500170.00,6552166.00,6469426.00),(1112,1629688837,6501194.00,6500368.00,6552027.00,6469550.00),(1113,1629688837,6501183.00,6500407.00,6552296.00,6469578.00),(1114,1629688837,6501529.00,6500324.00,6552156.00,6469332.00),(1115,1629688837,6501427.00,6500205.00,6552121.00,6469050.00),(1116,1629688837,6500562.00,6500153.00,6551955.00,6469346.00),(1117,1629688837,6500846.00,6499997.00,6552111.00,6469359.00),(1118,1629688837,6500452.00,6499816.00,6552024.00,6468760.00),(1119,1629688837,6500225.00,6500152.00,6552021.00,6468744.00),(1120,1629688837,6501016.00,6500206.00,6551831.00,6469455.00),(1121,1629688837,6499925.00,6500047.00,6551774.00,6469853.00),(1122,1629688837,6500005.00,6500249.00,6552509.00,6470069.00),(1123,1629688837,6499476.00,6499514.00,6551746.00,6469216.00),(1124,1629688837,6500913.00,6499636.00,6551766.00,6468766.00),(1125,1629688837,6500581.00,6499974.00,6551706.00,6468937.00),(1126,1629688837,6499995.00,6499901.00,6552052.00,6469509.00),(1127,1629688837,6499760.00,6499835.00,6552097.00,6469894.00),(1128,1629688837,6500553.00,6499926.00,6551944.00,6469228.00),(1129,1629688837,6500762.00,6500089.00,6552459.00,6469434.00),(1130,1629688837,6500359.00,6500333.00,6551894.00,6470042.00),(1131,1629688837,6500637.00,6500055.00,6552233.00,6469422.00),(1132,1629688837,6501267.00,6499867.00,6551627.00,6469073.00),(1133,1629688837,6499543.00,6500304.00,6552476.00,6470131.00),(1134,1629688837,6499794.00,6500102.00,6551858.00,6469305.00),(1135,1629688837,6499965.00,6500232.00,6552195.00,6469732.00),(1136,1629688837,6499260.00,6500145.00,6552279.00,6470018.00),(1137,1629688837,6500064.00,6500127.00,6551869.00,6469597.00),(1138,1629688837,6500118.00,6500116.00,6552412.00,6469370.00),(1139,1629688837,6499533.00,6500011.00,6551756.00,6470138.00),(1140,1629688837,6500272.00,6499527.00,6551823.00,6468801.00),(1141,1629688837,6500669.00,6500114.00,6552024.00,6469672.00),(1142,1629688837,6500132.00,6500198.00,6551859.00,6469300.00),(1143,1629688837,6500585.00,6500159.00,6552062.00,6469518.00),(1144,1629688837,6500330.00,6500105.00,6551922.00,6469385.00),(1145,1629688837,6500159.00,6500111.00,6551828.00,6469450.00),(1146,1629688837,6500601.00,6500330.00,6552112.00,6469480.00),(1147,1629688837,6499415.00,6500453.00,6552688.00,6470400.00),(1148,1629688837,6500344.00,6500411.00,6552310.00,6469668.00),(1149,1629688837,6501155.00,6500048.00,6552378.00,6469436.00),(1150,1629688837,6500737.00,6500842.00,6552967.00,6470126.00),(1151,1629688837,6500973.00,6500705.00,6552146.00,6469844.00),(1152,1629688837,6500205.00,6500421.00,6552643.00,6469918.00),(1153,1629688837,6500338.00,6500349.00,6551833.00,6469308.00),(1154,1629688837,6499996.00,6500513.00,6552210.00,6470167.00),(1155,1629688837,6500641.00,6500382.00,6552504.00,6469628.00),(1156,1629688837,6500192.00,6500778.00,6552646.00,6470101.00),(1157,1629688837,6500852.00,6500596.00,6552531.00,6469601.00),(1158,1629688837,6500968.00,6500387.00,6552239.00,6470209.00),(1159,1629688837,6499782.00,6500274.00,6552300.00,6470115.00),(1160,1629688837,6500198.00,6499908.00,6551862.00,6469273.00),(1161,1629688837,6500438.00,6500017.00,6552367.00,6469112.00),(1162,1629688837,6499256.00,6499842.00,6551888.00,6469534.00),(1163,1629688837,6500004.00,6500047.00,6551870.00,6469019.00),(1164,1629688837,6500432.00,6499993.00,6551964.00,6469371.00),(1165,1629688837,6499272.00,6500598.00,6552576.00,6470770.00),(1166,1629688837,6499834.00,6500486.00,6552621.00,6470178.00),(1167,1629688837,6501121.00,6500471.00,6552230.00,6469811.00),(1168,1629688837,6501085.00,6500739.00,6552995.00,6469841.00),(1169,1629688837,6500504.00,6500628.00,6552243.00,6470291.00),(1170,1629688837,6500871.00,6501307.00,6553304.00,6470233.00),(1171,1629688837,6500206.00,6500445.00,6552615.00,6470220.00),(1172,1629688837,6500728.00,6500416.00,6552795.00,6469827.00),(1173,1629688837,6501014.00,6500657.00,6552602.00,6469890.00),(1174,1629688837,6499830.00,6500517.00,6552459.00,6470623.00),(1175,1629688837,6500703.00,6500507.00,6552279.00,6469863.00),(1176,1629688837,6500940.00,6500288.00,6551760.00,6469337.00),(1177,1629688837,6500356.00,6500129.00,6551896.00,6469217.00),(1178,1629688837,6500753.00,6500252.00,6552085.00,6469572.00),(1179,1629688837,6500595.00,6500012.00,6551600.00,6469178.00),(1180,1629688837,6500492.00,6500238.00,6552151.00,6469842.00),(1181,1629688837,6500897.00,6500277.00,6552308.00,6469605.00),(1182,1629688837,6500800.00,6500322.00,6552135.00,6469829.00),(1183,1629688837,6500449.00,6500126.00,6552182.00,6469838.00),(1184,1629688837,6499562.00,6500718.00,6552352.00,6470816.00),(1185,1629688837,6501008.00,6500440.00,6551912.00,6469668.00),(1186,1629688837,6499811.00,6500617.00,6552516.00,6470513.00),(1187,1629688837,6500032.00,6500231.00,6551851.00,6469793.00),(1188,1629688837,6500648.00,6500227.00,6551632.00,6468846.00),(1189,1629688837,6499864.00,6500218.00,6552472.00,6470027.00),(1190,1629688837,6500146.00,6500098.00,6551845.00,6469194.00),(1191,1629688837,6499665.00,6500216.00,6552511.00,6469792.00),(1192,1629688837,6500992.00,6500214.00,6552157.00,6469331.00),(1193,1629688837,6499789.00,6500150.00,6552660.00,6469962.00),(1194,1629688837,6500136.00,6500006.00,6551786.00,6469128.00),(1195,1629688837,6499998.00,6499801.00,6552259.00,6469488.00),(1196,1629688837,6500419.00,6500210.00,6552487.00,6469938.00),(1197,1629688837,6499443.00,6500211.00,6552582.00,6470145.00),(1198,1629688837,6499661.00,6500436.00,6552550.00,6470027.00),(1199,1629688837,6500683.00,6500331.00,6552244.00,6470059.00),(1200,1629688837,6500192.00,6500505.00,6552468.00,6470082.00),(1201,1629688837,6500616.00,6500623.00,6552593.00,6469737.00),(1202,1629688837,6500716.00,6500171.00,6552246.00,6469303.00),(1203,1629688837,6500081.00,6499915.00,6552471.00,6469696.00),(1204,1629688837,6500344.00,6499741.00,6551557.00,6469193.00),(1205,1629688837,6500020.00,6500059.00,6552028.00,6469138.00),(1206,1629688837,6500418.00,6499977.00,6551867.00,6469408.00),(1207,1629688837,6500592.00,6500057.00,6552279.00,6469209.00),(1208,1629688837,6499615.00,6500306.00,6552210.00,6470159.00),(1209,1629688837,6500230.00,6500450.00,6552207.00,6469812.00),(1210,1629688837,6500010.00,6499952.00,6551791.00,6469378.00),(1211,1629688837,6500996.00,6500310.00,6552111.00,6469551.00),(1212,1629688837,6500563.00,6500364.00,6552469.00,6469599.00),(1213,1629688837,6500519.00,6500064.00,6551892.00,6469618.00),(1214,1629688837,6499683.00,6500441.00,6552587.00,6470192.00),(1215,1629688837,6500089.00,6500414.00,6552300.00,6469682.00),(1216,1629688837,6500112.00,6500256.00,6552013.00,6470150.00),(1217,1629688837,6501372.00,6500084.00,6551700.00,6468994.00),(1218,1629688837,6499752.00,6500265.00,6551979.00,6469615.00),(1219,1629688837,6500531.00,6500267.00,6552357.00,6469531.00),(1220,1629688837,6499976.00,6500137.00,6551583.00,6469573.00),(1221,1629688837,6500026.00,6500290.00,6552260.00,6469554.00),(1222,1629688837,6499369.00,6500056.00,6552148.00,6470040.00),(1223,1629688837,6500802.00,6500629.00,6552730.00,6469990.00),(1224,1629688837,6500252.00,6500620.00,6552531.00,6470363.00),(1225,1629688837,6500269.00,6500394.00,6552388.00,6469777.00),(1226,1629688837,6500118.00,6499946.00,6552226.00,6469899.00),(1227,1629688837,6499690.00,6500687.00,6552305.00,6469990.00),(1228,1629688837,6500928.00,6500639.00,6552613.00,6469757.00),(1229,1629688837,6500781.00,6500177.00,6552305.00,6469828.00),(1230,1629688837,6500455.00,6500642.00,6552720.00,6470531.00),(1231,1629688837,6501276.00,6501025.00,6552750.00,6470090.00),(1232,1629688837,6500520.00,6500865.00,6553162.00,6470612.00),(1233,1629688837,6500944.00,6500960.00,6552868.00,6470676.00),(1234,1629688837,6501085.00,6500571.00,6552726.00,6469821.00),(1235,1629688837,6500828.00,6500484.00,6552322.00,6469725.00),(1236,1629688837,6500825.00,6500491.00,6552210.00,6469973.00),(1237,1629688837,6500658.00,6500502.00,6552156.00,6469710.00),(1238,1629688837,6499847.00,6500729.00,6552627.00,6470359.00),(1239,1629688837,6501090.00,6500869.00,6552640.00,6469844.00),(1240,1629688837,6500354.00,6500210.00,6552008.00,6469510.00),(1241,1629688837,6500771.00,6500271.00,6552185.00,6469108.00),(1242,1629688837,6500000.00,6500061.00,6551962.00,6469124.00),(1243,1629688837,6500422.00,6500188.00,6551996.00,6469628.00),(1244,1629688837,6500462.00,6500338.00,6552025.00,6469073.00),(1245,1629688837,6498950.00,6500140.00,6551681.00,6469732.00),(1246,1629688837,6499961.00,6500024.00,6552198.00,6469883.00),(1247,1629688837,6499847.00,6500331.00,6551953.00,6469455.00),(1248,1629688837,6500118.00,6499816.00,6552020.00,6469217.00),(1249,1629688837,6500664.00,6500088.00,6552261.00,6469473.00),(1250,1629688837,6500601.00,6500021.00,6552112.00,6469306.00),(1251,1629688837,6500241.00,6500195.00,6552187.00,6469012.00),(1252,1629688837,6500308.00,6500264.00,6551961.00,6469452.00),(1253,1629688837,6501076.00,6500304.00,6552433.00,6469413.00),(1254,1629688837,6501190.00,6500456.00,6552599.00,6470225.00),(1255,1629688837,6501177.00,6500618.00,6552262.00,6469485.00),(1256,1629688837,6500826.00,6500522.00,6552508.00,6469882.00),(1257,1629688837,6501027.00,6501056.00,6552866.00,6470490.00),(1258,1629688837,6500601.00,6501018.00,6552659.00,6470402.00),(1259,1629688837,6501805.00,6500557.00,6552508.00,6469999.00),(1260,1629688837,6500468.00,6500972.00,6552752.00,6470554.00),(1261,1629688837,6501234.00,6500788.00,6552522.00,6470362.00),(1262,1629688837,6502111.00,6501249.00,6552948.00,6470278.00),(1263,1629688837,6501061.00,6501139.00,6553050.00,6470593.00),(1264,1629688837,6501034.00,6501196.00,6553035.00,6470440.00),(1265,1629688837,6500747.00,6500885.00,6553025.00,6470272.00),(1266,1629688837,6501312.00,6501241.00,6553237.00,6470801.00),(1267,1629688837,6501683.00,6501353.00,6553386.00,6470709.00),(1268,1629688837,6501210.00,6501354.00,6553428.00,6471626.00),(1269,1629688837,6502360.00,6502034.00,6554468.00,6471439.00),(1270,1629688837,6502258.00,6502116.00,6553754.00,6471529.00),(1271,1629688837,6502564.00,6502251.00,6553935.00,6471344.00),(1272,1629688837,6501768.00,6502184.00,6554125.00,6471665.00),(1273,1629688837,6501491.00,6502634.00,6554148.00,6471730.00),(1274,1629688837,6502573.00,6502354.00,6554126.00,6471426.00),(1275,1629688837,6501528.00,6502106.00,6553809.00,6471604.00),(1276,1629688837,6502245.00,6501610.00,6554296.00,6470948.00),(1277,1629688837,6501733.00,6501827.00,6553831.00,6471596.00),(1278,1629688837,6501953.00,6501827.00,6554282.00,6471191.00),(1279,1629688837,6501643.00,6501690.00,6553675.00,6471573.00),(1280,1629688837,6501698.00,6501966.00,6553685.00,6471234.00),(1281,1629688837,6500529.00,6501699.00,6553778.00,6471475.00),(1282,1629688837,6501663.00,6501207.00,6552832.00,6470343.00),(1283,1629688837,6501194.00,6501420.00,6553309.00,6470548.00),(1284,1629688837,6501795.00,6501116.00,6552572.00,6469942.00),(1285,1629688837,6500534.00,6501071.00,6553070.00,6471072.00),(1286,1629688837,6500632.00,6501211.00,6552887.00,6470531.00),(1287,1629688837,6501983.00,6500831.00,6552621.00,6469844.00),(1288,1629688837,6501129.00,6501536.00,6553319.00,6470789.00),(1289,1629688837,6501245.00,6501341.00,6553284.00,6471177.00),(1290,1629688837,6501335.00,6501371.00,6553550.00,6470542.00),(1291,1629688837,6501573.00,6501296.00,6553116.00,6470451.00),(1292,1629688837,6500754.00,6501315.00,6553538.00,6470872.00),(1293,1629688837,6501083.00,6501254.00,6553118.00,6471167.00),(1294,1629688837,6502583.00,6501600.00,6553394.00,6470675.00),(1295,1629688837,6501229.00,6501577.00,6553419.00,6471225.00),(1296,1629688837,6501194.00,6501527.00,6553263.00,6471139.00),(1297,1629688837,6501108.00,6501206.00,6554165.00,6471313.00),(1298,1629688837,6501572.00,6501259.00,6553433.00,6470892.00),(1299,1629688837,6501037.00,6501553.00,6553712.00,6470983.00),(1300,1629688837,6501830.00,6501252.00,6553409.00,6471017.00),(1301,1629688837,6502504.00,6501607.00,6553499.00,6470574.00),(1302,1629688837,6501169.00,6502052.00,6554401.00,6471538.00),(1303,1629688837,6501923.00,6501725.00,6553478.00,6470752.00),(1304,1629688837,6501357.00,6501434.00,6553374.00,6471030.00),(1305,1629688837,6500555.00,6501367.00,6553379.00,6470966.00),(1306,1629688837,6501629.00,6500881.00,6553491.00,6470159.00),(1307,1629688837,6501497.00,6501039.00,6553028.00,6470947.00),(1308,1629688837,6501093.00,6501092.00,6553210.00,6470505.00),(1309,1629688837,6501210.00,6501335.00,6553463.00,6470737.00),(1310,1629688837,6502383.00,6501278.00,6553168.00,6470495.00),(1311,1629688837,6502362.00,6501864.00,6553642.00,6470531.00),(1312,1629688837,6501425.00,6501803.00,6553442.00,6470978.00),(1313,1629688837,6501469.00,6501352.00,6553666.00,6470716.00),(1314,1629688837,6501891.00,6501430.00,6553464.00,6470694.00),(1315,1629688837,6501341.00,6501537.00,6553333.00,6471096.00),(1316,1629688837,6502125.00,6501544.00,6553700.00,6471152.00),(1317,1629688837,6502262.00,6501693.00,6553740.00,6471112.00),(1318,1629688837,6500684.00,6502058.00,6554137.00,6472332.00),(1319,1629688837,6501600.00,6502028.00,6553878.00,6471190.00),(1320,1629688837,6501833.00,6501694.00,6553394.00,6470413.00),(1321,1629688837,6501836.00,6501576.00,6553533.00,6471167.00),(1322,1629688837,6502097.00,6501278.00,6553411.00,6470280.00),(1323,1629688837,6501703.00,6501377.00,6553593.00,6471016.00),(1324,1629688837,6502225.00,6500946.00,6552718.00,6470344.00),(1325,1629688837,6501482.00,6501732.00,6553590.00,6471262.00),(1326,1629688837,6500755.00,6501083.00,6553497.00,6470994.00),(1327,1629688837,6501911.00,6501322.00,6553240.00,6470561.00),(1328,1629688837,6501895.00,6501734.00,6553264.00,6471160.00),(1329,1629688837,6501354.00,6501564.00,6553454.00,6471264.00),(1330,1629688837,6502039.00,6501431.00,6553511.00,6470599.00),(1331,1629688837,6501742.00,6501780.00,6553688.00,6471368.00),(1332,1629688837,6502415.00,6501878.00,6553498.00,6470634.00),(1333,1629688837,6501231.00,6501839.00,6553797.00,6471711.00),(1334,1629688837,6501598.00,6501962.00,6554283.00,6471632.00),(1335,1629688837,6501251.00,6502179.00,6554084.00,6471896.00),(1336,1629688837,6502376.00,6501894.00,6553942.00,6471734.00),(1337,1629688837,6501166.00,6502243.00,6554322.00,6472289.00),(1338,1629688837,6502087.00,6502292.00,6553734.00,6471851.00),(1339,1629688837,6502294.00,6501990.00,6554054.00,6471355.00),(1340,1629688837,6501535.00,6502378.00,6553636.00,6471551.00),(1341,1629688837,6502469.00,6502123.00,6554323.00,6471883.00),(1342,1629688837,6502343.00,6502281.00,6553925.00,6471472.00),(1343,1629688837,6502497.00,6501929.00,6554001.00,6470926.00),(1344,1629688837,6502008.00,6501792.00,6553255.00,6470786.00),(1345,1629688837,6502369.00,6501318.00,6553629.00,6470202.00),(1346,1629688837,6502706.00,6501917.00,6554099.00,6470752.00),(1347,1629688837,6500967.00,6501089.00,6553236.00,6470833.00),(1348,1629688837,6501657.00,6501507.00,6553663.00,6470582.00),(1349,1629688837,6501622.00,6501767.00,6553831.00,6471224.00),(1350,1629688837,6501353.00,6501628.00,6553654.00,6470999.00),(1351,1629688837,6501482.00,6502094.00,6553770.00,6471534.00),(1352,1629688837,6502176.00,6501787.00,6554084.00,6470882.00),(1353,1629688837,6502646.00,6501480.00,6553504.00,6470816.00),(1354,1629688837,6501328.00,6502218.00,6554499.00,6472193.00),(1355,1629688837,6502714.00,6502489.00,6554605.00,6471961.00),(1356,1629688837,6502378.00,6502525.00,6554091.00,6471473.00),(1357,1629688837,6501957.00,6502175.00,6554567.00,6471301.00),(1358,1629688837,6502204.00,6502090.00,6554031.00,6471546.00),(1359,1629688837,6503085.00,6502258.00,6553875.00,6471046.00),(1360,1629688837,6502926.00,6502016.00,6554182.00,6471032.00),(1361,1629688837,6502761.00,6502272.00,6554174.00,6471593.00),(1362,1629688837,6502804.00,6502237.00,6554456.00,6471687.00),(1363,1629688837,6502886.00,6502591.00,6554366.00,6471652.00),(1364,1629688837,6502239.00,6502586.00,6554677.00,6471797.00),(1365,1629688837,6503408.00,6502386.00,6554023.00,6471557.00),(1366,1629688837,6502825.00,6502213.00,6554623.00,6471249.00),(1367,1629688837,6502758.00,6503062.00,6554462.00,6472087.00),(1368,1629688837,6502370.00,6502690.00,6554395.00,6471982.00),(1369,1629688837,6501915.00,6502552.00,6554647.00,6472508.00),(1370,1629688837,6502025.00,6502159.00,6554161.00,6471882.00),(1371,1629688837,6502566.00,6502225.00,6553953.00,6471380.00),(1372,1629688837,6503084.00,6502143.00,6554111.00,6471329.00),(1373,1629688837,6502689.00,6502218.00,6554270.00,6471744.00),(1374,1629688837,6502846.00,6502632.00,6554599.00,6471905.00),(1375,1629688837,6502784.00,6502475.00,6554814.00,6471818.00),(1376,1629688837,6503030.00,6502724.00,6554909.00,6472285.00),(1377,1629688837,6502916.00,6502530.00,6554746.00,6472256.00),(1378,1629688837,6502516.00,6502861.00,6554896.00,6472109.00),(1379,1629688837,6502836.00,6502631.00,6554537.00,6472446.00),(1380,1629688837,6503120.00,6502263.00,6554600.00,6471627.00),(1381,1629688837,6503194.00,6502824.00,6554584.00,6471522.00),(1382,1629688837,6503339.00,6502568.00,6554834.00,6472014.00),(1383,1629688837,6503394.00,6502420.00,6554703.00,6471637.00),(1384,1629688837,6502619.00,6502553.00,6554136.00,6472026.00),(1385,1629688837,6502962.00,6502633.00,6554844.00,6471851.00),(1386,1629688837,6502449.00,6502634.00,6554540.00,6472387.00),(1387,1629688837,6502234.00,6502750.00,6554949.00,6472646.00),(1388,1629688837,6502714.00,6502463.00,6553956.00,6471660.00),(1389,1629688837,6502108.00,6502217.00,6554094.00,6471548.00),(1390,1629688837,6503124.00,6502636.00,6554819.00,6472127.00),(1391,1629688837,6503327.00,6502676.00,6553940.00,6471417.00),(1392,1629688837,6502920.00,6502746.00,6554639.00,6472144.00),(1393,1629688837,6503404.00,6502648.00,6554702.00,6471983.00),(1394,1629688837,6502234.00,6503143.00,6554992.00,6473061.00),(1395,1629688837,6502808.00,6503186.00,6555061.00,6472701.00),(1396,1629688837,6503403.00,6502669.00,6554768.00,6471648.00),(1397,1629688837,6501642.00,6503039.00,6555123.00,6473289.00),(1398,1629688837,6502675.00,6502926.00,6555052.00,6472253.00),(1399,1629688837,6501932.00,6502415.00,6554666.00,6471724.00),(1400,1629688837,6502323.00,6502674.00,6554523.00,6472339.00),(1401,1629688837,6502103.00,6502580.00,6554736.00,6472614.00),(1402,1629688837,6501825.00,6502250.00,6554344.00,6472059.00),(1403,1629688837,6502635.00,6502352.00,6554446.00,6471771.00),(1404,1629688837,6502212.00,6502280.00,6554486.00,6471881.00),(1405,1629688837,6503255.00,6502655.00,6554931.00,6471915.00),(1406,1629688837,6501984.00,6502675.00,6554554.00,6472143.00),(1407,1629688837,6502664.00,6502129.00,6553809.00,6471565.00),(1408,1629688837,6502398.00,6502467.00,6554380.00,6472269.00),(1409,1629688837,6502147.00,6502492.00,6554023.00,6471876.00),(1410,1629688837,6503384.00,6502337.00,6554468.00,6471584.00),(1411,1629688837,6502066.00,6502623.00,6554558.00,6472165.00),(1412,1629688837,6503132.00,6502246.00,6554806.00,6471951.00),(1413,1629688837,6502733.00,6502526.00,6555048.00,6472166.00),(1414,1629688837,6502501.00,6502715.00,6554459.00,6472289.00),(1415,1629688837,6503556.00,6502883.00,6555308.00,6472086.00),(1416,1629688837,6503241.00,6502791.00,6554847.00,6471724.00),(1417,1629688837,6502632.00,6502547.00,6554981.00,6472345.00),(1418,1629688837,6502973.00,6502922.00,6554935.00,6472105.00),(1419,1629688837,6502556.00,6502891.00,6554511.00,6471984.00),(1420,1629688837,6502344.00,6502340.00,6554588.00,6472232.00),(1421,1629688837,6502321.00,6502565.00,6554325.00,6471993.00),(1422,1629688837,6503045.00,6502777.00,6555215.00,6472183.00),(1423,1629688837,6502756.00,6502641.00,6554546.00,6472345.00),(1424,1629688837,6502511.00,6502882.00,6555022.00,6472733.00),(1425,1629688837,6503664.00,6502793.00,6554748.00,6472108.00),(1426,1629688837,6502339.00,6502503.00,6555120.00,6472318.00),(1427,1629688837,6502882.00,6502609.00,6554846.00,6472177.00),(1428,1629688837,6502085.00,6501989.00,6553947.00,6471766.00),(1429,1629688837,6502139.00,6502457.00,6555030.00,6472324.00),(1430,1629688837,6502583.00,6502125.00,6554310.00,6471989.00),(1431,1629688837,6502141.00,6502015.00,6554383.00,6471755.00),(1432,1629688837,6501905.00,6502573.00,6554546.00,6472447.00),(1433,1629688837,6503729.00,6502251.00,6554237.00,6471175.00),(1434,1629688837,6503366.00,6503115.00,6555084.00,6472461.00),(1435,1629688837,6502546.00,6502958.00,6554938.00,6472790.00),(1436,1629688837,6503620.00,6502918.00,6555242.00,6472677.00),(1437,1629688837,6503580.00,6503646.00,6555287.00,6472218.00),(1438,1629688837,6504385.00,6503510.00,6555977.00,6472222.00),(1439,1629688837,6503847.00,6503577.00,6555219.00,6472111.00),(1440,1629688837,6503816.00,6503786.00,6555567.00,6472809.00),(1441,1629688837,6503591.00,6503711.00,6555763.00,6473457.00),(1442,1629688837,6503969.00,6503510.00,6555495.00,6472708.00),(1443,1629688837,6503818.00,6503266.00,6555819.00,6473226.00),(1444,1629688837,6503203.00,6503510.00,6555251.00,6472764.00),(1445,1629688837,6503185.00,6503341.00,6555737.00,6473227.00),(1446,1629688837,6503759.00,6503843.00,6555907.00,6473645.00),(1447,1629688837,6504661.00,6503822.00,6555783.00,6473293.00),(1448,1629688837,6503668.00,6503952.00,6556069.00,6473300.00),(1449,1629688837,6503491.00,6503573.00,6555576.00,6473248.00),(1450,1629688837,6504599.00,6503967.00,6556243.00,6472631.00),(1451,1629688837,6503810.00,6503827.00,6555572.00,6473051.00),(1452,1629688837,6503714.00,6504005.00,6556118.00,6473249.00),(1453,1629688837,6504024.00,6503654.00,6555467.00,6473350.00),(1454,1629688837,6503939.00,6503676.00,6554939.00,6472208.00),(1455,1629688837,6502580.00,6503372.00,6555434.00,6473286.00),(1456,1629688837,6502923.00,6503381.00,6555809.00,6473392.00),(1457,1629688837,6503567.00,6503363.00,6555597.00,6472623.00),(1458,1629688837,6502734.00,6503512.00,6555425.00,6473152.00),(1459,1629688837,6503608.00,6503187.00,6555000.00,6472663.00),(1460,1629688837,6502778.00,6504021.00,6555798.00,6473918.00),(1461,1629688837,6503636.00,6503247.00,6555532.00,6472659.00),(1462,1629688837,6503116.00,6503627.00,6555844.00,6473239.00),(1463,1629688837,6503393.00,6504155.00,6555336.00,6473395.00),(1464,1629688837,6503971.00,6503749.00,6555522.00,6472945.00),(1465,1629688837,6503600.00,6504055.00,6555835.00,6473753.00),(1466,1629688837,6503767.00,6504037.00,6556028.00,6473243.00),(1467,1629688837,6503657.00,6504205.00,6555456.00,6472952.00),(1468,1629688837,6503991.00,6503743.00,6556041.00,6473300.00),(1469,1629688837,6504076.00,6503513.00,6555622.00,6472774.00),(1470,1629688837,6503580.00,6503390.00,6555311.00,6472901.00),(1471,1629688837,6503586.00,6503225.00,6555452.00,6472969.00),(1472,1629688837,6503540.00,6503258.00,6554911.00,6472717.00),(1473,1629688837,6502981.00,6503027.00,6555035.00,6472663.00),(1474,1629688837,6502775.00,6503217.00,6555153.00,6472689.00),(1475,1629688837,6502943.00,6503660.00,6555683.00,6473344.00),(1476,1629688837,6502989.00,6503490.00,6555687.00,6473407.00),(1477,1629688837,6504104.00,6503205.00,6555761.00,6472992.00),(1478,1629688837,6504435.00,6503688.00,6555655.00,6472778.00),(1479,1629688837,6503608.00,6503837.00,6555632.00,6473332.00),(1480,1629688837,6504398.00,6503803.00,6555740.00,6472871.00),(1481,1629688837,6503744.00,6503770.00,6555450.00,6473266.00),(1482,1629688837,6504320.00,6503622.00,6556041.00,6473318.00),(1483,1629688837,6504024.00,6503535.00,6555939.00,6473678.00),(1484,1629688837,6503992.00,6504019.00,6555683.00,6473120.00),(1485,1629688837,6503285.00,6503759.00,6555798.00,6473332.00),(1486,1629688837,6503869.00,6503948.00,6555600.00,6473276.00),(1487,1629688837,6503493.00,6503442.00,6555922.00,6473127.00),(1488,1629688837,6503602.00,6503157.00,6554978.00,6472680.00),(1489,1629688837,6502758.00,6503622.00,6555359.00,6472955.00),(1490,1629688837,6503502.00,6503640.00,6555589.00,6472977.00),(1491,1629688837,6503246.00,6503341.00,6555343.00,6472594.00),(1492,1629688837,6503624.00,6504106.00,6555589.00,6473516.00),(1493,1629688837,6504160.00,6503413.00,6555084.00,6472609.00),(1494,1629688837,6503937.00,6503685.00,6555847.00,6473321.00),(1495,1629688837,6503184.00,6503854.00,6555502.00,6473522.00),(1496,1629688837,6502711.00,6503678.00,6555576.00,6473180.00),(1497,1629688837,6503913.00,6503528.00,6555081.00,6471899.00),(1498,1629688837,6504540.00,6503555.00,6555652.00,6472497.00),(1499,1629688837,6503363.00,6504194.00,6556348.00,6474167.00),(1500,1629688837,6504601.00,6504334.00,6555897.00,6473651.00),(1501,1629688837,6503870.00,6504253.00,6556280.00,6473344.00),(1502,1629688837,6504762.00,6504296.00,6555816.00,6473838.00),(1503,1629688837,6504330.00,6504599.00,6556558.00,6474096.00),(1504,1629688837,6503224.00,6504507.00,6556329.00,6473851.00),(1505,1629688837,6504487.00,6504362.00,6556038.00,6473164.00),(1506,1629688837,6504576.00,6504668.00,6556774.00,6473530.00),(1507,1629688837,6504254.00,6504283.00,6555758.00,6473008.00),(1508,1629688837,6504574.00,6504016.00,6556286.00,6472867.00),(1509,1629688837,6504305.00,6503876.00,6555662.00,6472993.00),(1510,1629688837,6503739.00,6503980.00,6555652.00,6472991.00),(1511,1629688837,6503992.00,6503828.00,6555687.00,6472904.00),(1512,1629688837,6503609.00,6503886.00,6555774.00,6473659.00),(1513,1629688837,6504502.00,6504004.00,6555971.00,6472855.00),(1514,1629688837,6503790.00,6503546.00,6555454.00,6473494.00),(1515,1629688837,6503711.00,6503553.00,6556226.00,6473500.00),(1516,1629688837,6503824.00,6504264.00,6555843.00,6473287.00),(1517,1629688837,6504558.00,6503926.00,6556252.00,6472629.00),(1518,1629688837,6503235.00,6503979.00,6555990.00,6473602.00),(1519,1629688837,6504813.00,6504061.00,6556174.00,6472776.00),(1520,1629688837,6504996.00,6503906.00,6556134.00,6473004.00),(1521,1629688837,6503573.00,6504305.00,6556312.00,6473923.00),(1522,1629688837,6504626.00,6504007.00,6556193.00,6473203.00),(1523,1629688837,6504194.00,6504519.00,6556332.00,6473998.00),(1524,1629688837,6503889.00,6504427.00,6556767.00,6474326.00),(1525,1629688837,6504466.00,6504223.00,6556267.00,6473344.00),(1526,1629688837,6504096.00,6503902.00,6555590.00,6472781.00),(1527,1629688837,6503003.00,6503743.00,6556161.00,6474018.00),(1528,1629688837,6504334.00,6503682.00,6555879.00,6472979.00),(1529,1629688837,6504054.00,6503454.00,6555682.00,6472958.00),(1530,1629688837,6503963.00,6503957.00,6555852.00,6473173.00),(1531,1629688837,6504631.00,6503500.00,6555925.00,6472358.00),(1532,1629688837,6504540.00,6504103.00,6556156.00,6473299.00),(1533,1629688837,6505078.00,6504430.00,6556123.00,6472983.00),(1534,1629688837,6503645.00,6504246.00,6556439.00,6473833.00),(1535,1629688837,6505278.00,6504489.00,6556144.00,6473689.00),(1536,1629688837,6504432.00,6503858.00,6556427.00,6473550.00),(1537,1629688837,6504407.00,6504626.00,6556398.00,6474287.00),(1538,1629688837,6504553.00,6504576.00,6556656.00,6474074.00),(1539,1629688837,6505015.00,6504248.00,6556464.00,6473740.00),(1540,1629688837,6503850.00,6504512.00,6556521.00,6474509.00),(1541,1629688837,6504342.00,6504098.00,6556522.00,6473160.00),(1542,1629688837,6504953.00,6504315.00,6555940.00,6473422.00),(1543,1629688837,6503952.00,6504470.00,6556474.00,6474072.00),(1544,1629688837,6504652.00,6504096.00,6555755.00,6473532.00),(1545,1629688837,6503676.00,6504154.00,6555647.00,6473472.00),(1546,1629688837,6504109.00,6504025.00,6555980.00,6473221.00),(1547,1629688837,6504987.00,6503704.00,6555061.00,6471969.00),(1548,1629688837,6503800.00,6504038.00,6555661.00,6473239.00),(1549,1629688837,6503923.00,6504262.00,6555610.00,6473421.00),(1550,1629688837,6504585.00,6503904.00,6555675.00,6473061.00),(1551,1629688837,6503679.00,6503907.00,6555780.00,6472911.00),(1552,1629688837,6504855.00,6504170.00,6555866.00,6472666.00),(1553,1629688837,6503489.00,6504154.00,6556178.00,6473793.00),(1554,1629688837,6504241.00,6503497.00,6555611.00,6473019.00),(1555,1629688837,6503731.00,6503776.00,6555985.00,6472964.00),(1556,1629688837,6504131.00,6503755.00,6555571.00,6472878.00),(1557,1629688837,6502583.00,6503641.00,6556133.00,6473558.00),(1558,1629688837,6502317.00,6503136.00,6555406.00,6472886.00),(1559,1629688837,6502602.00,6502862.00,6554479.00,6471738.00),(1560,1629688837,6502713.00,6503307.00,6555079.00,6472640.00),(1561,1629688837,6503575.00,6502993.00,6555012.00,6472309.00),(1562,1629688837,6503711.00,6502928.00,6554939.00,6471652.00),(1563,1629688837,6503829.00,6503038.00,6555227.00,6472209.00),(1564,1629688837,6504333.00,6503441.00,6555944.00,6473333.00),(1565,1629688837,6503330.00,6503282.00,6555770.00,6473065.00),(1566,1629688837,6503410.00,6503687.00,6555826.00,6472695.00),(1567,1629688837,6503359.00,6503707.00,6556058.00,6473550.00),(1568,1629688837,6503476.00,6503484.00,6555169.00,6472875.00),(1569,1629688837,6502469.00,6503437.00,6555802.00,6473345.00),(1570,1629688837,6504357.00,6503766.00,6555715.00,6472885.00),(1571,1629688837,6503949.00,6503855.00,6555732.00,6473260.00),(1572,1629688837,6503033.00,6503662.00,6555473.00,6472748.00),(1573,1629688837,6503532.00,6503685.00,6555732.00,6473786.00),(1574,1629688837,6504082.00,6503709.00,6556165.00,6472820.00),(1575,1629688837,6504555.00,6504144.00,6555814.00,6473191.00),(1576,1629688837,6504446.00,6503913.00,6555897.00,6472858.00),(1577,1629688837,6503537.00,6503938.00,6555843.00,6473207.00),(1578,1629688837,6504540.00,6503759.00,6555865.00,6473146.00),(1579,1629688837,6503908.00,6503783.00,6555644.00,6473200.00),(1580,1629688837,6504580.00,6504373.00,6556039.00,6473330.00),(1581,1629688837,6504973.00,6504377.00,6556543.00,6472900.00),(1582,1629688837,6503094.00,6504209.00,6555898.00,6474197.00),(1583,1629688837,6505595.00,6503868.00,6556340.00,6472574.00),(1584,1629688837,6504058.00,6504371.00,6556416.00,6473975.00),(1585,1629688837,6504152.00,6504101.00,6555792.00,6473055.00),(1586,1629688837,6503912.00,6503938.00,6555903.00,6473101.00),(1587,1629688837,6503922.00,6503762.00,6555643.00,6473010.00),(1588,1629688837,6503742.00,6503917.00,6555490.00,6473160.00),(1589,1629688837,6504544.00,6503819.00,6555743.00,6473128.00),(1590,1629688837,6504496.00,6503695.00,6556227.00,6473251.00),(1591,1629688837,6503291.00,6504166.00,6555908.00,6473696.00),(1592,1629688837,6503860.00,6503765.00,6555467.00,6472474.00),(1593,1629688837,6503507.00,6503379.00,6555539.00,6472503.00),(1594,1629688837,6502590.00,6503106.00,6554766.00,6472898.00),(1595,1629688837,6503266.00,6502967.00,6554917.00,6472279.00),(1596,1629688837,6502371.00,6503065.00,6555165.00,6473039.00),(1597,1629688837,6503025.00,6503015.00,6555223.00,6472453.00),(1598,1629688837,6503087.00,6503485.00,6555201.00,6472839.00),(1599,1629688837,6504452.00,6503615.00,6555618.00,6473029.00),(1600,1629688837,6503990.00,6503906.00,6555784.00,6473050.00),(1601,1629688837,6504058.00,6504231.00,6555815.00,6473510.00),(1602,1629688837,6504399.00,6504590.00,6556258.00,6473588.00),(1603,1629688837,6505012.00,6504249.00,6556172.00,6473405.00),(1604,1629688837,6504860.00,6503914.00,6556307.00,6473650.00),(1605,1629688837,6505444.00,6504288.00,6556134.00,6473157.00),(1606,1629688837,6504490.00,6504857.00,6556674.00,6474787.00),(1607,1629688837,6504468.00,6504327.00,6556602.00,6473663.00),(1608,1629688837,6504009.00,6504448.00,6556451.00,6474200.00),(1609,1629688837,6504493.00,6504621.00,6556576.00,6473924.00),(1610,1629688837,6504822.00,6504461.00,6556042.00,6473482.00),(1611,1629688837,6504364.00,6504014.00,6556585.00,6473832.00),(1612,1629688837,6504796.00,6504050.00,6556054.00,6473236.00),(1613,1629688837,6505181.00,6504596.00,6556653.00,6473993.00),(1614,1629688837,6505159.00,6504339.00,6556650.00,6473488.00),(1615,1629688837,6503674.00,6504242.00,6556450.00,6473922.00),(1616,1629688837,6504533.00,6504842.00,6556840.00,6474070.00),(1617,1629688837,6505451.00,6504741.00,6556617.00,6473931.00),(1618,1629688837,6506067.00,6504762.00,6556432.00,6473403.00),(1619,1629688837,6504865.00,6504918.00,6556866.00,6474118.00),(1620,1629688837,6505269.00,6504778.00,6556847.00,6473990.00),(1621,1629688837,6504416.00,6504620.00,6556647.00,6474498.00),(1622,1629688837,6505073.00,6504198.00,6556317.00,6473181.00),(1623,1629688837,6503718.00,6504647.00,6556850.00,6473946.00),(1624,1629688837,6504573.00,6504190.00,6556031.00,6473681.00),(1625,1629688837,6504967.00,6504100.00,6556139.00,6473119.00),(1626,1629688837,6504515.00,6504213.00,6555805.00,6473599.00),(1627,1629688837,6504845.00,6504560.00,6556415.00,6473786.00),(1628,1629688837,6505097.00,6505157.00,6556827.00,6473473.00),(1629,1629688837,6505836.00,6504683.00,6556268.00,6473709.00),(1630,1629688837,6503702.00,6504333.00,6556284.00,6473654.00),(1631,1629688837,6504015.00,6504469.00,6556052.00,6473571.00),(1632,1629688837,6504462.00,6504303.00,6555866.00,6473366.00),(1633,1629688837,6504383.00,6504494.00,6556490.00,6473841.00),(1634,1629688837,6504324.00,6504871.00,6556623.00,6473956.00),(1635,1629688837,6504699.00,6505264.00,6557137.00,6474619.00),(1636,1629688837,6504901.00,6505128.00,6557110.00,6474682.00),(1637,1629688837,6504166.00,6505201.00,6557567.00,6475335.00),(1638,1629688837,6504507.00,6504442.00,6556525.00,6474476.00),(1639,1629688837,6504092.00,6504473.00,6556459.00,6474044.00),(1640,1629688837,6504559.00,6504273.00,6556093.00,6473140.00),(1641,1629688837,6505264.00,6504213.00,6556074.00,6473243.00),(1642,1629688837,6504292.00,6504460.00,6556644.00,6474124.00),(1643,1629688837,6504425.00,6504624.00,6555788.00,6473267.00),(1644,1629688837,6504671.00,6504616.00,6556152.00,6473273.00),(1645,1629688837,6503671.00,6504032.00,6555981.00,6473583.00),(1646,1629688837,6503570.00,6503653.00,6555883.00,6472970.00),(1647,1629688837,6504210.00,6503792.00,6555568.00,6472518.00),(1648,1629688837,6504373.00,6503880.00,6555659.00,6473150.00),(1649,1629688837,6503228.00,6504120.00,6556197.00,6473554.00),(1650,1629688837,6504277.00,6504048.00,6556081.00,6473181.00),(1651,1629688837,6503914.00,6504005.00,6556350.00,6473416.00),(1652,1629688837,6503963.00,6504190.00,6556122.00,6474077.00),(1653,1629688837,6504550.00,6504309.00,6556727.00,6473621.00),(1654,1629688837,6504122.00,6504229.00,6556322.00,6473724.00),(1655,1629688837,6504590.00,6504486.00,6556259.00,6473805.00),(1656,1629688837,6504772.00,6504618.00,6556456.00,6473507.00),(1657,1629688837,6505529.00,6504374.00,6556565.00,6472982.00),(1658,1629688837,6505634.00,6505102.00,6557052.00,6474136.00),(1659,1629688837,6504879.00,6504640.00,6556785.00,6474601.00),(1660,1629688837,6504863.00,6505685.00,6557518.00,6474595.00),(1661,1629688837,6505454.00,6505439.00,6557489.00,6474433.00),(1662,1629688837,6505591.00,6505329.00,6556932.00,6474077.00),(1663,1629688837,6504933.00,6505114.00,6557287.00,6474224.00),(1664,1629688837,6505729.00,6505823.00,6557149.00,6475217.00),(1665,1629688837,6506249.00,6505349.00,6557587.00,6474831.00),(1666,1629688837,6506022.00,6504854.00,6557602.00,6474222.00),(1667,1629688837,6506325.00,6505430.00,6557482.00,6474245.00),(1668,1629688837,6506118.00,6505721.00,6557657.00,6474743.00),(1669,1629688837,6505787.00,6505570.00,6557386.00,6474879.00),(1670,1629688837,6506118.00,6505193.00,6557364.00,6474650.00),(1671,1629688837,6505457.00,6505224.00,6557082.00,6474430.00),(1672,1629688837,6505646.00,6505142.00,6557462.00,6474294.00),(1673,1629688837,6505330.00,6505156.00,6557053.00,6474612.00),(1674,1629688837,6504924.00,6505323.00,6557111.00,6474621.00),(1675,1629688837,6505509.00,6505360.00,6557289.00,6474465.00),(1676,1629688837,6505352.00,6505004.00,6556793.00,6474100.00),(1677,1629688837,6504948.00,6504654.00,6556960.00,6474109.00),(1678,1629688837,6504563.00,6504931.00,6556432.00,6473875.00),(1679,1629688837,6504101.00,6503995.00,6556359.00,6473248.00),(1680,1629688837,6504355.00,6504217.00,6556064.00,6473393.00),(1681,1629688837,6504500.00,6504355.00,6555973.00,6473783.00),(1682,1629688837,6503680.00,6503899.00,6556138.00,6473383.00),(1683,1629688837,6504720.00,6503938.00,6555841.00,6472977.00),(1684,1629688837,6504104.00,6503851.00,6556263.00,6473305.00),(1685,1629688837,6504193.00,6504428.00,6556449.00,6474253.00),(1686,1629688837,6505040.00,6504220.00,6556514.00,6473413.00),(1687,1629688837,6503993.00,6505001.00,6556865.00,6474364.00),(1688,1629688837,6505622.00,6504861.00,6556953.00,6474359.00),(1689,1629688837,6504884.00,6504843.00,6556732.00,6474480.00),(1690,1629688837,6505568.00,6505137.00,6557017.00,6474457.00),(1691,1629688837,6505274.00,6505216.00,6557577.00,6474992.00),(1692,1629688837,6504778.00,6505681.00,6557385.00,6475162.00),(1693,1629688837,6505783.00,6505698.00,6557402.00,6474751.00),(1694,1629688837,6505307.00,6505662.00,6557852.00,6475581.00),(1695,1629688837,6505194.00,6505398.00,6557271.00,6474303.00),(1696,1629688837,6504913.00,6504805.00,6557306.00,6474126.00),(1697,1629688837,6505242.00,6504988.00,6556940.00,6474665.00),(1698,1629688837,6504710.00,6505194.00,6557391.00,6474860.00),(1699,1629688837,6504955.00,6504929.00,6557243.00,6474642.00),(1700,1629688837,6505508.00,6505447.00,6557129.00,6474331.00),(1701,1629688837,6505209.00,6505261.00,6556996.00,6474273.00),(1702,1629688837,6504678.00,6505285.00,6557136.00,6474669.00),(1703,1629688837,6505351.00,6504813.00,6557437.00,6474530.00),(1704,1629688837,6505291.00,6505171.00,6556446.00,6473926.00),(1705,1629688837,6505209.00,6504739.00,6557017.00,6474098.00),(1706,1629688837,6505354.00,6504776.00,6556548.00,6473677.00),(1707,1629688837,6503881.00,6504875.00,6556910.00,6474485.00),(1708,1629688837,6504450.00,6504538.00,6556567.00,6474608.00),(1709,1629688837,6505085.00,6504761.00,6556386.00,6473967.00),(1710,1629688837,6504876.00,6504480.00,6556664.00,6474069.00),(1711,1629688837,6503997.00,6504490.00,6556469.00,6474295.00),(1712,1629688837,6504954.00,6504444.00,6556709.00,6474194.00),(1713,1629688837,6504708.00,6504554.00,6556619.00,6474152.00),(1714,1629688837,6505280.00,6504647.00,6556852.00,6473358.00),(1715,1629688837,6504915.00,6504912.00,6556767.00,6474600.00),(1716,1629688837,6504222.00,6504585.00,6556574.00,6474340.00),(1717,1629688837,6504263.00,6504799.00,6556997.00,6474472.00),(1718,1629688837,6504216.00,6504995.00,6556861.00,6474866.00),(1719,1629688837,6504818.00,6504379.00,6556697.00,6473634.00),(1720,1629688837,6505140.00,6504817.00,6556652.00,6474165.00),(1721,1629688837,6504751.00,6504900.00,6556615.00,6474283.00),(1722,1629688837,6505488.00,6504534.00,6556509.00,6473526.00),(1723,1629688837,6504705.00,6504829.00,6556869.00,6473947.00),(1724,1629688837,6505209.00,6504683.00,6557137.00,6474021.00),(1725,1629688837,6504919.00,6504995.00,6557037.00,6474235.00),(1726,1629688837,6505207.00,6504822.00,6557301.00,6474704.00),(1727,1629688837,6505462.00,6505092.00,6557087.00,6474170.00),(1728,1629688837,6504879.00,6504880.00,6557230.00,6473820.00),(1729,1629688837,6505309.00,6504705.00,6557127.00,6474870.00),(1730,1629688837,6504948.00,6504954.00,6556933.00,6474647.00),(1731,1629688837,6506177.00,6505202.00,6557086.00,6474050.00),(1732,1629688837,6505399.00,6505292.00,6557375.00,6474761.00),(1733,1629688837,6505775.00,6505405.00,6557337.00,6474519.00),(1734,1629688837,6505712.00,6504890.00,6556809.00,6473957.00),(1735,1629688837,6504914.00,6504885.00,6556803.00,6474702.00),(1736,1629688837,6505317.00,6504836.00,6557278.00,6474016.00),(1737,1629688837,6504626.00,6504889.00,6556984.00,6474344.00),(1738,1629688837,6504289.00,6504678.00,6556901.00,6474647.00),(1739,1629688837,6504924.00,6505020.00,6557115.00,6474246.00),(1740,1629688837,6504717.00,6504754.00,6557111.00,6474293.00),(1741,1629688837,6505044.00,6504469.00,6556883.00,6474424.00),(1742,1629688837,6504728.00,6505288.00,6557242.00,6475083.00),(1743,1629688837,6505566.00,6505324.00,6557534.00,6474202.00),(1744,1629688837,6505026.00,6504835.00,6556316.00,6473803.00),(1745,1629688837,6504500.00,6505594.00,6557659.00,6474811.00),(1746,1629688837,6505030.00,6504903.00,6557148.00,6474525.00),(1747,1629688837,6504714.00,6504708.00,6557061.00,6474508.00),(1748,1629688837,6503595.00,6504632.00,6556427.00,6474928.00),(1749,1629688837,6504222.00,6504149.00,6555848.00,6473041.00),(1750,1629688837,6503822.00,6504830.00,6556599.00,6474552.00),(1751,1629688837,6504769.00,6504541.00,6556388.00,6473978.00),(1752,1629688837,6503954.00,6504373.00,6556632.00,6473648.00),(1753,1629688837,6503700.00,6504368.00,6556035.00,6473784.00),(1754,1629688837,6505355.00,6504212.00,6556202.00,6473005.00),(1755,1629688837,6504169.00,6504213.00,6556692.00,6473826.00),(1756,1629688837,6505677.00,6504446.00,6556635.00,6473808.00),(1757,1629688837,6503380.00,6504383.00,6556609.00,6474604.00),(1758,1629688837,6504019.00,6504626.00,6556407.00,6474020.00),(1759,1629688837,6504992.00,6505176.00,6557023.00,6474249.00),(1760,1629688837,6504951.00,6505150.00,6556565.00,6474069.00),(1761,1629688837,6505507.00,6504998.00,6556827.00,6474201.00),(1762,1629688837,6504759.00,6505001.00,6557368.00,6474823.00),(1763,1629688837,6504943.00,6505520.00,6556737.00,6474632.00),(1764,1629688837,6505638.00,6505290.00,6557222.00,6474560.00),(1765,1629688837,6504997.00,6505439.00,6557558.00,6475398.00),(1766,1629688837,6505544.00,6505439.00,6557913.00,6474877.00),(1767,1629688837,6506029.00,6505309.00,6557301.00,6474450.00),(1768,1629688837,6504880.00,6505684.00,6557985.00,6475378.00),(1769,1629688837,6505206.00,6505217.00,6557559.00,6475266.00),(1770,1629688837,6505349.00,6505682.00,6557507.00,6474581.00),(1771,1629688837,6506294.00,6505187.00,6557669.00,6474723.00),(1772,1629688837,6506327.00,6505376.00,6557451.00,6474427.00),(1773,1629688837,6505440.00,6505449.00,6557993.00,6475182.00),(1774,1629688837,6505556.00,6505575.00,6557085.00,6474579.00),(1775,1629688837,6506069.00,6505715.00,6557920.00,6474899.00),(1776,1629688837,6505679.00,6505692.00,6557595.00,6474629.00),(1777,1629688837,6506303.00,6505995.00,6557965.00,6475237.00),(1778,1629688837,6505662.00,6505965.00,6558015.00,6475307.00),(1779,1629688837,6505210.00,6505925.00,6557779.00,6475696.00),(1780,1629688837,6506389.00,6505525.00,6557793.00,6474658.00),(1781,1629688837,6505537.00,6505456.00,6557595.00,6475021.00),(1782,1629688837,6505661.00,6505590.00,6557573.00,6474678.00),(1783,1629688837,6505071.00,6505619.00,6557383.00,6474573.00),(1784,1629688837,6505805.00,6505266.00,6557363.00,6474470.00),(1785,1629688837,6505669.00,6505452.00,6557316.00,6475097.00),(1786,1629688837,6506107.00,6505715.00,6557724.00,6475013.00),(1787,1629688837,6505940.00,6505650.00,6557617.00,6474895.00),(1788,1629688837,6505682.00,6505759.00,6557752.00,6475437.00),(1789,1629688837,6505118.00,6505819.00,6557658.00,6475520.00),(1790,1629688837,6506989.00,6505932.00,6558009.00,6474565.00),(1791,1629688837,6506521.00,6506034.00,6558045.00,6474991.00),(1792,1629688837,6506199.00,6505987.00,6558049.00,6475598.00),(1793,1629688837,6506388.00,6506293.00,6557730.00,6475004.00),(1794,1629688837,6506002.00,6506397.00,6558611.00,6475464.00),(1795,1629688837,6505706.00,6506691.00,6558612.00,6476375.00),(1796,1629688837,6505413.00,6506533.00,6558578.00,6476095.00),(1797,1629688837,6505122.00,6506596.00,6558578.00,6477000.00),(1798,1629688837,6506132.00,6506462.00,6558952.00,6476711.00),(1799,1629688837,6506449.00,6506661.00,6558936.00,6475924.00),(1800,1629688837,6505821.00,6506573.00,6558014.00,6476187.00),(1801,1629688837,6506761.00,6506333.00,6558740.00,6475380.00),(1802,1629688837,6507160.00,6506028.00,6558065.00,6474784.00),(1803,1629688837,6506079.00,6506057.00,6558030.00,6475488.00),(1804,1629688837,6505888.00,6506362.00,6558273.00,6475751.00),(1805,1629688837,6506778.00,6506433.00,6558253.00,6475547.00),(1806,1629688837,6506190.00,6506265.00,6558707.00,6476272.00),(1807,1629688837,6505408.00,6506353.00,6558089.00,6476128.00),(1808,1629688837,6506563.00,6506186.00,6558009.00,6475403.00),(1809,1629688837,6506461.00,6505854.00,6557903.00,6475845.00),(1810,1629688837,6506193.00,6506379.00,6558206.00,6475853.00),(1811,1629688837,6506664.00,6506186.00,6558060.00,6475258.00),(1812,1629688837,6506595.00,6506497.00,6558384.00,6475754.00),(1813,1629688837,6505174.00,6506357.00,6558744.00,6475539.00),(1814,1629688837,6506175.00,6505583.00,6557862.00,6475311.00),(1815,1629688837,6506736.00,6506187.00,6557915.00,6474878.00),(1816,1629688837,6507218.00,6505929.00,6557881.00,6474457.00),(1817,1629688837,6506485.00,6506003.00,6557788.00,6475157.00),(1818,1629688837,6505442.00,6505643.00,6557726.00,6474159.00),(1819,1629688837,6505538.00,6505799.00,6557887.00,6475866.00),(1820,1629688837,6505142.00,6505909.00,6558102.00,6475761.00),(1821,1629688837,6505229.00,6505556.00,6557616.00,6475424.00),(1822,1629688837,6506060.00,6505869.00,6558249.00,6475010.00),(1823,1629688837,6506764.00,6505869.00,6557923.00,6474858.00),(1824,1629688837,6505364.00,6505885.00,6557872.00,6475721.00),(1825,1629688837,6506548.00,6505989.00,6558103.00,6474658.00),(1826,1629688837,6505462.00,6505756.00,6557327.00,6475290.00),(1827,1629688837,6505031.00,6505890.00,6558080.00,6475364.00),(1828,1629688837,6505222.00,6505208.00,6556673.00,6473752.00),(1829,1629688837,6504536.00,6505736.00,6557206.00,6474978.00),(1830,1629688837,6506114.00,6505819.00,6557878.00,6474807.00),(1831,1629688837,6505617.00,6505572.00,6557927.00,6475347.00),(1832,1629688837,6505859.00,6506048.00,6558341.00,6475540.00),(1833,1629688837,6505901.00,6506092.00,6557750.00,6475201.00),(1834,1629688837,6506680.00,6506062.00,6558367.00,6475354.00),(1835,1629688837,6505976.00,6506177.00,6558112.00,6475497.00),(1836,1629688837,6505853.00,6506199.00,6557697.00,6475741.00),(1837,1629688837,6506589.00,6506074.00,6558073.00,6475079.00),(1838,1629688837,6505811.00,6506052.00,6557540.00,6475337.00),(1839,1629688837,6506021.00,6505627.00,6558060.00,6475109.00),(1840,1629688837,6505222.00,6505920.00,6557643.00,6475463.00),(1841,1629688837,6506122.00,6505759.00,6557878.00,6474785.00),(1842,1629688837,6505398.00,6505848.00,6558161.00,6475575.00),(1843,1629688837,6506063.00,6505987.00,6557807.00,6475296.00),(1844,1629688837,6504967.00,6505948.00,6558139.00,6476267.00),(1845,1629688837,6505929.00,6506094.00,6557877.00,6475348.00),(1846,1629688837,6505985.00,6505773.00,6557824.00,6475267.00),(1847,1629688837,6505466.00,6505707.00,6557465.00,6475148.00),(1848,1629688837,6506220.00,6505899.00,6557315.00,6474728.00),(1849,1629688837,6504957.00,6505616.00,6557980.00,6475390.00),(1850,1629688837,6505663.00,6505729.00,6557862.00,6474999.00),(1851,1629688837,6505646.00,6506322.00,6558502.00,6475907.00),(1852,1629688837,6506263.00,6506040.00,6558099.00,6475141.00),(1853,1629688837,6506403.00,6506167.00,6558095.00,6475239.00),(1854,1629688837,6506042.00,6506623.00,6558439.00,6476204.00),(1855,1629688837,6506931.00,6506487.00,6558511.00,6475230.00),(1856,1629688837,6505780.00,6506400.00,6558363.00,6475798.00),(1857,1629688837,6507371.00,6506038.00,6558279.00,6475186.00),(1858,1629688837,6507537.00,6506598.00,6558493.00,6475502.00),(1859,1629688837,6507278.00,6506647.00,6558938.00,6476184.00),(1860,1629688837,6506916.00,6507110.00,6559075.00,6476246.00),(1861,1629688837,6506010.00,6506999.00,6558884.00,6476798.00),(1862,1629688837,6506312.00,6506375.00,6558798.00,6476317.00),(1863,1629688837,6506544.00,6506665.00,6558794.00,6475781.00),(1864,1629688837,6506292.00,6506734.00,6558576.00,6476865.00),(1865,1629688837,6506357.00,6506854.00,6558986.00,6476028.00),(1866,1629688837,6507262.00,6506683.00,6558419.00,6475222.00),(1867,1629688837,6505960.00,6506104.00,6558222.00,6475340.00),(1868,1629688837,6507504.00,6506507.00,6558665.00,6475312.00),(1869,1629688837,6507426.00,6506575.00,6558491.00,6475404.00),(1870,1629688837,6506212.00,6507182.00,6559437.00,6477282.00),(1871,1629688837,6507643.00,6506761.00,6558960.00,6476374.00),(1872,1629688837,6507251.00,6506804.00,6558944.00,6476407.00),(1873,1629688837,6506819.00,6507275.00,6559352.00,6477108.00),(1874,1629688837,6507412.00,6506735.00,6558603.00,6475585.00),(1875,1629688837,6506666.00,6506821.00,6558854.00,6476476.00),(1876,1629688837,6506341.00,6506746.00,6558938.00,6476502.00),(1877,1629688837,6506312.00,6507080.00,6559270.00,6476290.00),(1878,1629688837,6507188.00,6507138.00,6558816.00,6476399.00),(1879,1629688837,6506855.00,6507060.00,6559333.00,6476665.00),(1880,1629688837,6507400.00,6506745.00,6558678.00,6475593.00),(1881,1629688837,6506859.00,6506503.00,6558992.00,6475530.00),(1882,1629688837,6505616.00,6506527.00,6558551.00,6476092.00),(1883,1629688837,6507456.00,6506919.00,6558402.00,6475862.00),(1884,1629688837,6507063.00,6506735.00,6559588.00,6475924.00),(1885,1629688837,6507351.00,6506830.00,6558830.00,6476187.00),(1886,1629688837,6506286.00,6506353.00,6558944.00,6476178.00),(1887,1629688837,6506997.00,6506519.00,6558792.00,6476355.00),(1888,1629688837,6506703.00,6506595.00,6558369.00,6475552.00),(1889,1629688837,6505774.00,6506263.00,6557913.00,6475461.00),(1890,1629688837,6506634.00,6506281.00,6558160.00,6474914.00),(1891,1629688837,6506708.00,6506103.00,6558308.00,6475716.00),(1892,1629688837,6506186.00,6506275.00,6558236.00,6475864.00),(1893,1629688837,6506983.00,6506436.00,6558701.00,6475857.00),(1894,1629688837,6506990.00,6506851.00,6558763.00,6476455.00),(1895,1629688837,6507453.00,6507268.00,6559334.00,6476967.00),(1896,1629688837,6507096.00,6506569.00,6559052.00,6476442.00),(1897,1629688837,6508219.00,6507316.00,6559164.00,6476236.00),(1898,1629688837,6507734.00,6507508.00,6559413.00,6476584.00),(1899,1629688837,6507085.00,6507211.00,6559922.00,6477536.00),(1900,1629688837,6507385.00,6507749.00,6560105.00,6477569.00),(1901,1629688837,6508076.00,6507329.00,6559650.00,6476787.00),(1902,1629688837,6508788.00,6507863.00,6559854.00,6476996.00),(1903,1629688837,6507302.00,6507550.00,6559688.00,6477220.00),(1904,1629688837,6507867.00,6507695.00,6559367.00,6477123.00),(1905,1629688837,6508120.00,6507732.00,6559710.00,6476469.00),(1906,1629688837,6506678.00,6506967.00,6558633.00,6476727.00),(1907,1629688837,6507449.00,6507120.00,6558829.00,6476215.00),(1908,1629688837,6507353.00,6507310.00,6559101.00,6476398.00),(1909,1629688837,6506681.00,6507091.00,6558684.00,6476758.00),(1910,1629688837,6507404.00,6506935.00,6558524.00,6475991.00),(1911,1629688837,6507028.00,6506252.00,6558418.00,6475605.00),(1912,1629688837,6507267.00,6506724.00,6558879.00,6475723.00),(1913,1629688837,6506865.00,6507023.00,6558338.00,6476457.00),(1914,1629688837,6506848.00,6506631.00,6558320.00,6475309.00),(1915,1629688837,6506371.00,6507093.00,6559209.00,6476822.00),(1916,1629688837,6506728.00,6506869.00,6558868.00,6476001.00),(1917,1629688837,6506450.00,6506770.00,6558756.00,6475880.00),(1918,1629688837,6506977.00,6506583.00,6558243.00,6475434.00),(1919,1629688837,6505859.00,6506724.00,6558947.00,6476198.00),(1920,1629688837,6506070.00,6506666.00,6558356.00,6475684.00),(1921,1629688837,6506991.00,6506331.00,6558835.00,6476027.00),(1922,1629688837,6506808.00,6507114.00,6559079.00,6476462.00),(1923,1629688837,6507113.00,6507215.00,6559428.00,6476597.00),(1924,1629688837,6507176.00,6507702.00,6559820.00,6477163.00),(1925,1629688837,6507375.00,6507517.00,6559389.00,6476507.00),(1926,1629688837,6507623.00,6507365.00,6559757.00,6476884.00),(1927,1629688837,6507595.00,6507516.00,6559760.00,6476983.00),(1928,1629688837,6506707.00,6507445.00,6559454.00,6477004.00),(1929,1629688837,6506873.00,6507281.00,6559582.00,6477014.00),(1930,1629688837,6507330.00,6507470.00,6558865.00,6476667.00),(1931,1629688837,6507773.00,6507479.00,6559520.00,6476762.00),(1932,1629688837,6507037.00,6507070.00,6559226.00,6477256.00),(1933,1629688837,6506766.00,6507146.00,6559371.00,6476898.00),(1934,1629688837,6506882.00,6507590.00,6559655.00,6476805.00),(1935,1629688837,6508103.00,6507576.00,6559383.00,6476511.00),(1936,1629688837,6507222.00,6507635.00,6559527.00,6477220.00),(1937,1629688837,6506883.00,6507649.00,6559803.00,6477317.00),(1938,1629688837,6506868.00,6507102.00,6559522.00,6476659.00),(1939,1629688837,6508182.00,6507446.00,6559262.00,6476207.00),(1940,1629688837,6507650.00,6507298.00,6559020.00,6476542.00),(1941,1629688837,6506973.00,6507544.00,6559002.00,6476703.00),(1942,1629688837,6506880.00,6506900.00,6558975.00,6476317.00),(1943,1629688837,6507341.00,6507420.00,6558956.00,6476406.00),(1944,1629688837,6507205.00,6506932.00,6558671.00,6476143.00),(1945,1629688837,6506720.00,6506681.00,6559092.00,6476279.00),(1946,1629688837,6507585.00,6507369.00,6558558.00,6475698.00),(1947,1629688837,6506492.00,6507211.00,6559422.00,6476855.00),(1948,1629688837,6507646.00,6507228.00,6559315.00,6476928.00),(1949,1629688837,6507546.00,6506824.00,6559048.00,6476452.00),(1950,1629688837,6507703.00,6507101.00,6559301.00,6476509.00),(1951,1629688837,6507418.00,6507725.00,6559436.00,6476982.00),(1952,1629688837,6508361.00,6507598.00,6559874.00,6476556.00),(1953,1629688837,6508215.00,6507309.00,6559300.00,6476078.00),(1954,1629688837,6506877.00,6507083.00,6559483.00,6476758.00),(1955,1629688837,6506966.00,6508095.00,6560262.00,6477798.00),(1956,1629688837,6506694.00,6507772.00,6559345.00,6477333.00),(1957,1629688837,6508230.00,6507250.00,6559508.00,6476187.00),(1958,1629688837,6507063.00,6507782.00,6559774.00,6477250.00),(1959,1629688837,6507787.00,6507211.00,6559441.00,6476754.00),(1960,1629688837,6506877.00,6507963.00,6560106.00,6478053.00),(1961,1629688837,6507885.00,6507644.00,6559587.00,6476799.00),(1962,1629688837,6507338.00,6507785.00,6559741.00,6477104.00),(1963,1629688837,6507399.00,6507851.00,6559652.00,6476944.00),(1964,1629688837,6508001.00,6507740.00,6560122.00,6477456.00),(1965,1629688837,6507539.00,6507973.00,6559490.00,6477222.00),(1966,1629688837,6507813.00,6507476.00,6558963.00,6476140.00),(1967,1629688837,6507706.00,6507402.00,6559301.00,6476533.00),(1968,1629688837,6507639.00,6507617.00,6559380.00,6476786.00),(1969,1629688837,6508111.00,6508084.00,6560095.00,6477083.00),(1970,1629688837,6508845.00,6507885.00,6559657.00,6476900.00),(1971,1629688837,6508242.00,6508208.00,6560367.00,6477582.00),(1972,1629688837,6508810.00,6508237.00,6560335.00,6477477.00),(1973,1629688837,6508897.00,6508007.00,6559462.00,6477048.00),(1974,1629688837,6508683.00,6507892.00,6560485.00,6477625.00),(1975,1629688837,6508941.00,6507789.00,6559964.00,6477137.00),(1976,1629688837,6507404.00,6508211.00,6560405.00,6478158.00),(1977,1629688837,6507763.00,6508040.00,6560013.00,6477618.00),(1978,1629688837,6508959.00,6507774.00,6560312.00,6477017.00),(1979,1629688837,6507708.00,6508011.00,6559978.00,6477666.00),(1980,1629688837,6507598.00,6508189.00,6559933.00,6477552.00),(1981,1629688837,6508195.00,6508132.00,6560005.00,6477228.00),(1982,1629688837,6508431.00,6508157.00,6559631.00,6476855.00),(1983,1629688837,6507976.00,6507942.00,6560501.00,6477656.00),(1984,1629688837,6508167.00,6508165.00,6559777.00,6477239.00),(1985,1629688837,6507683.00,6507754.00,6559869.00,6477508.00),(1986,1629688837,6507988.00,6507835.00,6560115.00,6476959.00),(1987,1629688837,6507890.00,6508371.00,6559799.00,6477715.00),(1988,1629688837,6508028.00,6507953.00,6559827.00,6476734.00),(1989,1629688837,6508084.00,6507537.00,6559538.00,6476957.00),(1990,1629688837,6507594.00,6507541.00,6559579.00,6476947.00),(1991,1629688837,6507801.00,6507850.00,6560002.00,6478124.00),(1992,1629688837,6507823.00,6508070.00,6559598.00,6477514.00),(1993,1629688837,6508444.00,6508401.00,6560147.00,6477640.00),(1994,1629688837,6507907.00,6508650.00,6560040.00,6477947.00),(1995,1629688837,6507650.00,6507966.00,6560358.00,6477690.00),(1996,1629688837,6508048.00,6508313.00,6560163.00,6477750.00),(1997,1629688837,6508412.00,6508757.00,6560854.00,6477882.00),(1998,1629688837,6508236.00,6508572.00,6560570.00,6477995.00),(1999,1629688837,6508185.00,6508040.00,6560372.00,6477544.00);
/*!40000 ALTER TABLE `reducer` ENABLE KEYS */;
UNLOCK TABLES;

--
-- Table structure for table `respond_manager`
--

DROP TABLE IF EXISTS `respond_manager`;
/*!40101 SET @saved_cs_client     = @@character_set_client */;
/*!40101 SET character_set_client = utf8 */;
CREATE TABLE `respond_manager` (
  `id` int(11) NOT NULL AUTO_INCREMENT,
  `c_uid` int(11) NOT NULL,
  `t_uid` int(22) DEFAULT NULL,
  `order_id` int(50) DEFAULT NULL,
  `c_name` varchar(255) COLLATE utf8_bin DEFAULT NULL,
  `user_type` tinyint(1) unsigned zerofill NOT NULL,
  `c_address` varchar(255) COLLATE utf8_bin DEFAULT NULL,
  `c_phone` varchar(11) COLLATE utf8_bin DEFAULT NULL,
  `cap_id` int(25) DEFAULT NULL,
  `contract_no` varchar(255) COLLATE utf8_bin DEFAULT NULL,
  `first_trial` tinyint(1) DEFAULT NULL,
  `review` tinyint(1) DEFAULT NULL,
  `fir_liaison` varchar(255) COLLATE utf8_bin DEFAULT NULL,
  `fir_liaison_way` varchar(255) COLLATE utf8_bin DEFAULT NULL,
  `contract_cap` decimal(50,4) DEFAULT NULL,
  `running_cap` decimal(50,4) DEFAULT NULL,
  `link_address` varchar(255) COLLATE utf8_bin DEFAULT NULL,
  `mon_Ins` varchar(255) COLLATE utf8_bin DEFAULT NULL,
  `bidding_price` decimal(50,4) DEFAULT NULL,
  `be_response` decimal(50,4) DEFAULT NULL,
  `order_status` int(4) NOT NULL,
  `status` tinyint(4) DEFAULT NULL,
  `add_time` int(11) DEFAULT NULL,
  `sign_contract` tinyint(1) DEFAULT NULL,
  PRIMARY KEY (`id`,`order_status`) USING BTREE
) ENGINE=InnoDB AUTO_INCREMENT=50 DEFAULT CHARSET=utf8 COLLATE=utf8_bin ROW_FORMAT=DYNAMIC;
/*!40101 SET character_set_client = @saved_cs_client */;

--
-- Dumping data for table `respond_manager`
--

LOCK TABLES `respond_manager` WRITE;
/*!40000 ALTER TABLE `respond_manager` DISABLE KEYS */;
INSERT INTO `respond_manager` VALUES (32,10,1642307941,1645272414,'东方橡胶公司',1,'南京西路','15505111521',19,'2022010321',1,1,'韩磊','15505111520',145244.0000,52000.0000,'枚乘路1号','0',1246.0000,50000.0000,5,0,1645270382,1),(33,10,1642307941,1645272474,'褚安橡胶公司',1,'北京东路','15505111521',19,'2022010321',1,1,'张凡','15505111520',145244.0000,52000.0000,'雪花路5号','0',1459.0000,50000.0000,3,0,1645270442,0),(34,10,1642307941,1645272502,'海南橡胶公司',1,'上海路','15505111521',19,'2022010321',1,1,'王益','15505111520',145244.0000,52000.0000,'广州路6号','0',1478.0000,50000.0000,3,0,1645270470,0),(35,10,1642307941,1645272527,'亚娜橡胶公司',1,'正大路','15505111521',19,'2022010321',1,1,'樊浩','15505111520',145244.0000,52000.0000,'学府路8号','0',2587.0000,50000.0000,5,0,1645270495,1),(40,10,1642307941,1645370613,'月予橡胶公司',1,'太雅路','15505111521',19,'2022010321',1,1,'李梦','15505111520',145244.0000,52000.0000,'学苑路3号','0',4563.0000,50000.0000,5,0,1645368581,1),(41,15,1645370019,1645372879,'荼凡橡胶公司',1,'天津路','15505111530',20,'2022022023',1,1,'吴米','15505111520',213123.0000,225422.0000,'香林路6号','0',5632.0000,1424.0000,3,0,1645370842,0),(48,10,1642307941,1654570612,'光明橡胶公司',1,'郑州东路','15505111521',19,'2022010321',1,1,'吴婉','15505111520',11.0000,10.0000,'西塘路1号','0',4785.0000,50000.0000,3,0,1654568580,0),(49,10,1642307941,1655083727,'光明橡胶公司',1,'郑州东路','15505111521',19,'2022010321',1,1,'吴婉','15505111520',11.0000,10.0000,'西塘路1号','0',6666.0000,50000.0000,3,0,1655081695,0);
/*!40000 ALTER TABLE `respond_manager` ENABLE KEYS */;
UNLOCK TABLES;

--
-- Table structure for table `role`
--

DROP TABLE IF EXISTS `role`;
/*!40101 SET @saved_cs_client     = @@character_set_client */;
/*!40101 SET character_set_client = utf8 */;
CREATE TABLE `role` (
  `id` int(11) NOT NULL AUTO_INCREMENT,
  `title` varchar(255) DEFAULT NULL,
  `description` varchar(255) DEFAULT NULL,
  `status` tinyint(1) DEFAULT NULL,
  `add_time` int(11) DEFAULT NULL,
  PRIMARY KEY (`id`) USING BTREE
) ENGINE=InnoDB AUTO_INCREMENT=17 DEFAULT CHARSET=utf8 ROW_FORMAT=DYNAMIC;
/*!40101 SET character_set_client = @saved_cs_client */;

--
-- Dumping data for table `role`
--

LOCK TABLES `role` WRITE;
/*!40000 ALTER TABLE `role` DISABLE KEYS */;
INSERT INTO `role` VALUES (2,'销售部门1','销售部门',1,1591061390),(4,'编辑部门','这是一个编辑部门，主要负责文章编辑',1,1591062092),(11,'软件部门','软件部门',1,1591073850),(12,'市场部门','市场部门',1,1591073860),(13,'风能2','2',1,1629470783),(15,'光能','1212',1,1632812220),(16,'需求响应','',1,1632812269);
/*!40000 ALTER TABLE `role` ENABLE KEYS */;
UNLOCK TABLES;

--
-- Table structure for table `role_access`
--

DROP TABLE IF EXISTS `role_access`;
/*!40101 SET @saved_cs_client     = @@character_set_client */;
/*!40101 SET character_set_client = utf8 */;
CREATE TABLE `role_access` (
  `role_id` int(11) NOT NULL,
  `access_id` int(11) NOT NULL,
  PRIMARY KEY (`role_id`,`access_id`) USING BTREE
) ENGINE=InnoDB DEFAULT CHARSET=utf8 ROW_FORMAT=DYNAMIC;
/*!40101 SET character_set_client = @saved_cs_client */;

--
-- Dumping data for table `role_access`
--

LOCK TABLES `role_access` WRITE;
/*!40000 ALTER TABLE `role_access` DISABLE KEYS */;
INSERT INTO `role_access` VALUES (2,52),(2,54),(2,55),(2,56),(2,57),(2,78),(2,79),(4,53),(4,59),(4,60),(4,72),(4,73),(11,53),(11,59),(11,60),(11,64),(11,65),(11,72),(11,74),(11,80),(11,81),(11,82),(11,83),(11,85),(11,86),(11,87),(11,88),(12,52),(12,54),(12,55),(12,56),(12,57),(12,64),(12,65),(12,74),(13,37),(13,38),(13,39),(13,40),(13,41),(13,96),(13,97),(13,98),(13,99),(13,100),(13,101),(13,102),(13,103),(13,104),(13,105),(13,106),(13,108),(13,109),(13,110),(13,111),(13,112),(13,113),(13,114),(13,115);
/*!40000 ALTER TABLE `role_access` ENABLE KEYS */;
UNLOCK TABLES;

--
-- Table structure for table `setting`
--

DROP TABLE IF EXISTS `setting`;
/*!40101 SET @saved_cs_client     = @@character_set_client */;
/*!40101 SET character_set_client = utf8 */;
CREATE TABLE `setting` (
  `id` int(11) NOT NULL AUTO_INCREMENT,
  `site_title` varchar(255) DEFAULT NULL,
  `site_logo` varchar(255) DEFAULT NULL,
  `site_keywords` varchar(255) DEFAULT NULL,
  `site_description` varchar(255) DEFAULT NULL,
  `no_picture` varchar(255) DEFAULT NULL,
  `site_icp` varchar(255) DEFAULT NULL,
  `site_tel` varchar(255) DEFAULT NULL,
  `search_keywords` varchar(255) DEFAULT NULL,
  `tongji_code` varchar(255) DEFAULT NULL,
  `appid` varchar(255) DEFAULT NULL,
  `app_secret` varchar(255) DEFAULT NULL,
  `end_point` varchar(255) DEFAULT NULL,
  `bucket_name` varchar(255) DEFAULT NULL,
  `oss_status` tinyint(4) DEFAULT NULL,
  PRIMARY KEY (`id`) USING BTREE
) ENGINE=InnoDB AUTO_INCREMENT=2 DEFAULT CHARSET=utf8 ROW_FORMAT=DYNAMIC;
/*!40101 SET character_set_client = @saved_cs_client */;

--
-- Dumping data for table `setting`
--

LOCK TABLES `setting` WRITE;
/*!40000 ALTER TABLE `setting` DISABLE KEYS */;
INSERT INTO `setting` VALUES (1,'无人机植保管理系统','static/upPicture/20220605/site_logo_1654416015672318000.png','割胶收胶','割胶收胶','static/upPicture/20220403/goodslogo.jpeg','备案号1','15693258741','割胶收胶','11111','GJoqWHXB2c9S9gwP','Lgf3weXuWITUUb17vDJfveg1jmKEe9','oss-cn-beijing.aliyuncs.com','beego',0);
/*!40000 ALTER TABLE `setting` ENABLE KEYS */;
UNLOCK TABLES;

--
-- Table structure for table `tree_info`
--

DROP TABLE IF EXISTS `tree_info`;
/*!40101 SET @saved_cs_client     = @@character_set_client */;
/*!40101 SET character_set_client = utf8 */;
CREATE TABLE `tree_info` (
  `id` int(11) NOT NULL AUTO_INCREMENT,
  `tree_id` varchar(255) COLLATE utf8_bin DEFAULT NULL,
  `tree_name` varchar(255) COLLATE utf8_bin DEFAULT NULL,
  PRIMARY KEY (`id`)
) ENGINE=InnoDB AUTO_INCREMENT=12 DEFAULT CHARSET=utf8 COLLATE=utf8_bin;
/*!40101 SET character_set_client = @saved_cs_client */;

--
-- Dumping data for table `tree_info`
--

LOCK TABLES `tree_info` WRITE;
/*!40000 ALTER TABLE `tree_info` DISABLE KEYS */;
INSERT INTO `tree_info` VALUES (1,'AF-001','西部橡胶林区'),(2,'BF-001','中部橡胶林区'),(3,'CF-002','东部橡胶林区'),(4,'CF-003','东部橡胶林区'),(5,'CF-004','东部橡胶林区'),(6,'AF-005','西部橡胶林区'),(7,'AF-008','西部橡胶林区'),(8,'CF-005','东部橡胶林区'),(11,'AF-0089','西部橡胶林区');
/*!40000 ALTER TABLE `tree_info` ENABLE KEYS */;
UNLOCK TABLES;

--
-- Table structure for table `user`
--

DROP TABLE IF EXISTS `user`;
/*!40101 SET @saved_cs_client     = @@character_set_client */;
/*!40101 SET character_set_client = utf8 */;
CREATE TABLE `user` (
  `id` int(11) NOT NULL AUTO_INCREMENT,
  `username` varchar(255) DEFAULT NULL,
  `password` varchar(32) DEFAULT NULL,
  `phone` varchar(11) DEFAULT NULL,
  `last_ip` varchar(255) DEFAULT NULL,
  `email` varchar(255) DEFAULT NULL,
  `add_time` int(11) DEFAULT NULL,
  `status` tinyint(4) DEFAULT NULL,
  PRIMARY KEY (`id`) USING BTREE
) ENGINE=InnoDB AUTO_INCREMENT=24 DEFAULT CHARSET=utf8 ROW_FORMAT=DYNAMIC;
/*!40101 SET character_set_client = @saved_cs_client */;

--
-- Dumping data for table `user`
--

LOCK TABLES `user` WRITE;
/*!40000 ALTER TABLE `user` DISABLE KEYS */;
INSERT INTO `user` VALUES (7,'李四','e10adc3949ba59abbe56e057f20f883e','15201686410','[','',0,1),(8,'张西陆','e10adc3949ba59abbe56e057f20f883e','15201686444','[','',0,1),(10,'王久海','e10adc3949ba59abbe56e057f20f883e','15505111521','[','1236925287@163.com',1633755335,1),(12,'李兆光','5d93ceb70e2bf5daa84ec3d0cd2c731a','12345678911','[','',0,0),(13,'任博雅','5d93ceb70e2bf5daa84ec3d0cd2c731a','12345678912','[','',0,1),(14,'吴照亮','fcea920f7412b5da7be0cf42b8c93759','15505111523','[','',0,0),(15,'朱怡婷','e10adc3949ba59abbe56e057f20f883e','15505111530','[','',0,1),(18,'高雅婷','e10adc3949ba59abbe56e057f20f883e','74185296300','[','',1633095318,0),(19,'李赵丽','e10adc3949ba59abbe56e057f20f883e','99966655544','[','',1633161394,0),(20,'admin','d41d8cd98f00b204e9800998ecf8427e','11122233343','[','',1633169353,1),(22,'吴欧荣','e10adc3949ba59abbe56e057f20f883e','11223344550','','123456789@163.com',1633522676,0),(23,'赵亚哥','e10adc3949ba59abbe56e057f20f883e','11556644882','','12384586@163.com',1633620871,0);
/*!40000 ALTER TABLE `user` ENABLE KEYS */;
UNLOCK TABLES;

--
-- Table structure for table `user2`
--

DROP TABLE IF EXISTS `user2`;
/*!40101 SET @saved_cs_client     = @@character_set_client */;
/*!40101 SET character_set_client = utf8 */;
CREATE TABLE `user2` (
  `id` int(11) NOT NULL AUTO_INCREMENT,
  `username` varchar(255) DEFAULT NULL,
  `age` tinyint(4) DEFAULT NULL,
  `email` varchar(255) DEFAULT NULL,
  `add_time` int(11) DEFAULT NULL,
  PRIMARY KEY (`id`) USING BTREE
) ENGINE=InnoDB AUTO_INCREMENT=6 DEFAULT CHARSET=utf8 ROW_FORMAT=DYNAMIC;
/*!40101 SET character_set_client = @saved_cs_client */;

--
-- Dumping data for table `user2`
--

LOCK TABLES `user2` WRITE;
/*!40000 ALTER TABLE `user2` DISABLE KEYS */;
INSERT INTO `user2` VALUES (1,'gorm',34,'gorm@qq.com',1590374917),(2,'哈哈',34,'gorm@qq1.com',1590374917),(5,'王五',26,'hahha.qq.com',1590380006);
/*!40000 ALTER TABLE `user2` ENABLE KEYS */;
UNLOCK TABLES;

--
-- Table structure for table `user_temp`
--

DROP TABLE IF EXISTS `user_temp`;
/*!40101 SET @saved_cs_client     = @@character_set_client */;
/*!40101 SET character_set_client = utf8 */;
CREATE TABLE `user_temp` (
  `id` int(11) NOT NULL AUTO_INCREMENT,
  `ip` varchar(255) DEFAULT NULL,
  `phone` varchar(11) DEFAULT NULL,
  `send_count` int(11) DEFAULT NULL,
  `add_day` int(11) DEFAULT NULL,
  `add_time` int(11) DEFAULT NULL,
  `sign` varchar(32) DEFAULT NULL,
  PRIMARY KEY (`id`) USING BTREE
) ENGINE=InnoDB AUTO_INCREMENT=69 DEFAULT CHARSET=utf8 ROW_FORMAT=DYNAMIC;
/*!40101 SET character_set_client = @saved_cs_client */;

--
-- Dumping data for table `user_temp`
--

LOCK TABLES `user_temp` WRITE;
/*!40000 ALTER TABLE `user_temp` DISABLE KEYS */;
INSERT INTO `user_temp` VALUES (32,'[','15201686456',1,20200729,1595999226,'f0f910de2b6c0130d71237575b425f4b'),(33,'[','15201686457',2,20200729,1595999644,'0e3c6d5d465e018f24dd82eea1101d4c'),(34,'[','15202686410',1,20200729,1596004092,'95c05218e40295531158082b521d2f9d'),(35,'[','15201686555',1,20200729,1596007423,'e457b6cf770f389a559e29cb2e053bca'),(36,'[','15201686410',1,20200729,1596008681,'b6bb9359df895b77a800e90f45d70c5b'),(37,'[','15201686444',1,20200730,1596113177,'feb427d53c75a8e3a39ae39c1cef9c25'),(38,'[','15505111521',2,20210809,1628472238,'9be538a061075308e704002d47961280'),(39,'[','15505111521',2,20210815,1629041607,'05034fc8de3ccc1476b59c0980229602'),(40,'[','13302222200',1,20210815,1629042759,'d4065400892ce8e31d99e74956f66cfe'),(42,'[','12345678910',5,20210923,1632404836,'5e85c1a21a91262b51891318b987ac88'),(45,'[','12345678911',5,20210923,1632408944,'b53077892fa202819a47f21fe47039e4'),(46,'[','12345678912',1,20210923,1632411270,'3f499ead51219022631a229437a4897c'),(47,'[','15505111523',1,20210923,1632412121,'0c1b2200c60b0d57500d338ef097e90d'),(48,'[','15505111530',1,20210923,1632412505,'9a6650061bd1304336d1ae2f4f832cc5'),(49,'[','15505111527',1,20211001,1633085798,'35d4aeb1dbf626975fb0f9a4fe7ae02f'),(51,'[','11223344556',1,20211001,1633091946,'226e63823dbe4feffb6c3cfb4a1cc7ec'),(52,'[','74185296300',1,20211001,1633092353,'6146fc3dfc46d6d43b9f18a2c5d0dac0'),(53,'[','99966655544',1,20211002,1633161309,'e0d60e477d10114ade6d31102e68f9a2'),(54,'[','77788899912',1,20211002,1633164849,'26c7f8f824e57deffcf532fec209d126'),(55,'[','11122233345',1,20211002,1633165531,'0edc60407dc0d7c7605e5b39e7657a54'),(56,'[','15975348622',1,20211002,1633167741,'2584a4497d512ae6bdd62465fe037bd0'),(57,'[','10005111521',1,20211002,1633169041,'3c38ef3ce01c7d05e3a5f127f0b1a3e8'),(58,'[','11122233343',1,20211002,1633169287,'066f27a9ca1c831504443a561d3ac8fc'),(59,'[','17745412369',1,20211002,1633170394,'35a7c4bd8c101f0b6665a2bc0dd1be8a'),(60,'127.0.0.1','15951474965',1,20211006,1633522925,'b3e47d293e41c79eb8a31592db1d30f8'),(61,'[','15505111520',3,20211006,1633523693,'96444c96782e69f19772904c5afba42a'),(62,'[','12345698701',1,20211008,1633661739,'4da109463d983cfc234eb8673562d48c'),(63,'[','15505111528',1,20211008,1633661943,'8ea9422dcb876fd7648d63b96cf34b58'),(64,'[','12345678999',1,20211008,1633682647,'408060f4b60c42921442d33165f27fcd'),(65,'[','15505111512',1,20220110,1641803062,'c105080db6dde3884e33d77c917c1ae3'),(66,'[','15505111210',1,20220110,1641812784,'ed862ac6a6072267b8077fc0105a926b'),(67,'[','12345678910',1,20220111,1641889979,'51e8c657e7bff0ea650ac33d01886079'),(68,'[','15505111555',1,20220111,1641890016,'e7e6a794a316eb0ca1965ee911773e31');
/*!40000 ALTER TABLE `user_temp` ENABLE KEYS */;
UNLOCK TABLES;

--
-- Table structure for table `vue_company`
--

DROP TABLE IF EXISTS `vue_company`;
/*!40101 SET @saved_cs_client     = @@character_set_client */;
/*!40101 SET character_set_client = utf8 */;
CREATE TABLE `vue_company` (
  `id` int(11) NOT NULL AUTO_INCREMENT,
  `c_kind` varchar(255) COLLATE utf8_bin DEFAULT NULL,
  `c_count` int(20) DEFAULT NULL,
  `c_name` varchar(255) COLLATE utf8_bin DEFAULT NULL,
  `c_address` varchar(255) COLLATE utf8_bin DEFAULT NULL,
  `c_phone` varchar(11) COLLATE utf8_bin DEFAULT NULL,
  `c_law` varchar(255) COLLATE utf8_bin DEFAULT NULL,
  `c_capital` varchar(255) COLLATE utf8_bin DEFAULT NULL,
  `c_uid` int(11) NOT NULL,
  `t_uid` int(22) DEFAULT NULL,
  `user_type` tinyint(1) unsigned zerofill NOT NULL,
  `contract_no` varchar(255) COLLATE utf8_bin DEFAULT NULL,
  `add_time` int(11) DEFAULT NULL,
  `status` tinyint(4) DEFAULT NULL,
  PRIMARY KEY (`id`) USING BTREE
) ENGINE=InnoDB AUTO_INCREMENT=25 DEFAULT CHARSET=utf8 COLLATE=utf8_bin ROW_FORMAT=DYNAMIC;
/*!40101 SET character_set_client = @saved_cs_client */;

--
-- Dumping data for table `vue_company`
--

LOCK TABLES `vue_company` WRITE;
/*!40000 ALTER TABLE `vue_company` DISABLE KEYS */;
INSERT INTO `vue_company` VALUES (16,'橡胶制造企业',68,'光明橡胶公司','郑州东路','15505111521','李一涵','689',10,1642307941,1,'2022010321',1642307931,0),(24,'橡胶售卖企业',44,'亚娜橡胶公司','北京西路','15505111530','王文松','2342',15,1645370019,1,'2022022023',1645370523,0);
/*!40000 ALTER TABLE `vue_company` ENABLE KEYS */;
UNLOCK TABLES;

--
-- Table structure for table `vue_demand_basic`
--

DROP TABLE IF EXISTS `vue_demand_basic`;
/*!40101 SET @saved_cs_client     = @@character_set_client */;
/*!40101 SET character_set_client = utf8 */;
CREATE TABLE `vue_demand_basic` (
  `id` int(11) NOT NULL AUTO_INCREMENT,
  `company_id` int(11) DEFAULT NULL,
  `join_y` int(20) DEFAULT NULL,
  `fir_liaison` varchar(255) COLLATE utf8_bin DEFAULT NULL,
  `fir_liaison_way` varchar(255) COLLATE utf8_bin DEFAULT NULL,
  `sec_liaison` varchar(255) COLLATE utf8_bin DEFAULT NULL,
  `sec_liaison_way` varchar(50) COLLATE utf8_bin DEFAULT NULL,
  `contract_cap` decimal(50,4) DEFAULT NULL,
  `running_cap` decimal(50,4) DEFAULT NULL,
  `link_address` varchar(255) COLLATE utf8_bin DEFAULT NULL,
  `trc` varchar(255) COLLATE utf8_bin DEFAULT NULL,
  `mon_Ins` varchar(255) COLLATE utf8_bin DEFAULT NULL,
  `bidding_price` decimal(50,4) DEFAULT NULL,
  `status` int(4) DEFAULT NULL,
  `add_time` int(11) DEFAULT NULL,
  `order_id` int(50) DEFAULT NULL,
  PRIMARY KEY (`id`) USING BTREE
) ENGINE=InnoDB AUTO_INCREMENT=21 DEFAULT CHARSET=utf8 COLLATE=utf8_bin ROW_FORMAT=DYNAMIC;
/*!40101 SET character_set_client = @saved_cs_client */;

--
-- Dumping data for table `vue_demand_basic`
--

LOCK TABLES `vue_demand_basic` WRITE;
/*!40000 ALTER TABLE `vue_demand_basic` DISABLE KEYS */;
INSERT INTO `vue_demand_basic` VALUES (19,10,2022,'吴婉','15505111520','吴伟','15505111522',11.0000,10.0000,'西塘路1号','us10236589','0',6666.0000,0,1642371873,0),(20,15,2022,'李政','15505111520','齐斯','15505111530',14.0000,10.0000,'南京路3号','us10236588','0',124.2441,0,1645370658,0);
/*!40000 ALTER TABLE `vue_demand_basic` ENABLE KEYS */;
UNLOCK TABLES;

--
-- Table structure for table `vue_demand_cap`
--

DROP TABLE IF EXISTS `vue_demand_cap`;
/*!40101 SET @saved_cs_client     = @@character_set_client */;
/*!40101 SET character_set_client = utf8 */;
CREATE TABLE `vue_demand_cap` (
  `id` int(11) NOT NULL AUTO_INCREMENT,
  `mt_fz` decimal(50,4) DEFAULT NULL,
  `mt_fm` decimal(50,4) DEFAULT NULL,
  `mt_fw` decimal(50,4) DEFAULT NULL,
  `mt_fn` decimal(50,4) DEFAULT NULL,
  `w_fz` decimal(50,4) DEFAULT NULL,
  `w_fm` decimal(50,4) DEFAULT NULL,
  `w_fw` decimal(50,4) DEFAULT NULL,
  `w_fn` decimal(50,4) DEFAULT NULL,
  `can_response` tinyint(1) DEFAULT NULL,
  `add_time` int(11) DEFAULT NULL,
  `order_id` int(50) DEFAULT NULL,
  `c_uid` int(11) DEFAULT NULL,
  `status` int(4) DEFAULT NULL,
  PRIMARY KEY (`id`) USING BTREE
) ENGINE=InnoDB AUTO_INCREMENT=21 DEFAULT CHARSET=utf8 COLLATE=utf8_bin ROW_FORMAT=DYNAMIC;
/*!40101 SET character_set_client = @saved_cs_client */;

--
-- Dumping data for table `vue_demand_cap`
--

LOCK TABLES `vue_demand_cap` WRITE;
/*!40000 ALTER TABLE `vue_demand_cap` DISABLE KEYS */;
INSERT INTO `vue_demand_cap` VALUES (19,15.0000,25.0000,16.0000,13.0000,25.0000,14.0000,20.0000,11.0000,1,1642366012,0,10,0),(20,25.0000,42.0000,42.0000,18.0000,31.0000,11.0000,66.0000,14.0000,1,1645370836,0,15,0);
/*!40000 ALTER TABLE `vue_demand_cap` ENABLE KEYS */;
UNLOCK TABLES;

--
-- Table structure for table `vue_demand_device`
--

DROP TABLE IF EXISTS `vue_demand_device`;
/*!40101 SET @saved_cs_client     = @@character_set_client */;
/*!40101 SET character_set_client = utf8 */;
CREATE TABLE `vue_demand_device` (
  `id` int(11) NOT NULL AUTO_INCREMENT,
  `c_name` varchar(255) COLLATE utf8_bin DEFAULT NULL,
  `c_address` varchar(255) COLLATE utf8_bin DEFAULT NULL,
  `c_phone` varchar(11) COLLATE utf8_bin DEFAULT NULL,
  `t_uid` int(22) DEFAULT NULL,
  `user_type` tinyint(1) unsigned zerofill NOT NULL,
  `be_response` decimal(50,4) DEFAULT NULL,
  `sub_id` int(11) DEFAULT NULL,
  `sub_device_id` int(11) DEFAULT NULL,
  `device_id` int(11) DEFAULT NULL,
  `time_respond1` decimal(50,4) DEFAULT NULL,
  `time_respond2` decimal(50,4) DEFAULT NULL,
  `time_respond3` decimal(50,4) DEFAULT NULL,
  `time_respond4` decimal(50,4) DEFAULT NULL,
  `status` tinyint(4) DEFAULT NULL,
  `add_time` int(11) DEFAULT NULL,
  PRIMARY KEY (`id`) USING BTREE
) ENGINE=InnoDB AUTO_INCREMENT=22 DEFAULT CHARSET=utf8 COLLATE=utf8_bin ROW_FORMAT=DYNAMIC;
/*!40101 SET character_set_client = @saved_cs_client */;

--
-- Dumping data for table `vue_demand_device`
--

LOCK TABLES `vue_demand_device` WRITE;
/*!40000 ALTER TABLE `vue_demand_device` DISABLE KEYS */;
INSERT INTO `vue_demand_device` VALUES (19,'光明橡胶公司','郑州东路','15505111521',1642307941,1,50000.0000,0,0,0,21.0000,22.0000,50.0000,93.0000,0,1642352462),(21,'亚娜橡胶公司','北京西路','15505111530',1645370019,1,60000.0000,0,0,0,42.0000,26.0000,30.0000,98.0000,0,1645370699);
/*!40000 ALTER TABLE `vue_demand_device` ENABLE KEYS */;
UNLOCK TABLES;

--
-- Table structure for table `vue_user`
--

DROP TABLE IF EXISTS `vue_user`;
/*!40101 SET @saved_cs_client     = @@character_set_client */;
/*!40101 SET character_set_client = utf8 */;
CREATE TABLE `vue_user` (
  `id` int(11) NOT NULL AUTO_INCREMENT,
  `username` varchar(255) DEFAULT NULL,
  `company_name` varchar(255) DEFAULT NULL,
  `company_desc` varchar(255) DEFAULT NULL,
  `password` varchar(32) DEFAULT NULL,
  `phone` varchar(11) DEFAULT NULL,
  `last_ip` varchar(255) DEFAULT NULL,
  `email` varchar(255) DEFAULT NULL,
  `add_time` int(11) DEFAULT NULL,
  `status` tinyint(4) DEFAULT NULL,
  PRIMARY KEY (`id`) USING BTREE
) ENGINE=InnoDB AUTO_INCREMENT=26 DEFAULT CHARSET=utf8 ROW_FORMAT=DYNAMIC;
/*!40101 SET character_set_client = @saved_cs_client */;

--
-- Dumping data for table `vue_user`
--

LOCK TABLES `vue_user` WRITE;
/*!40000 ALTER TABLE `vue_user` DISABLE KEYS */;
INSERT INTO `vue_user` VALUES (5,'z1',NULL,'公司','e10adc3949ba59abbe56e057f20f883e','15201686455','[','',0,0),(6,'zx1',NULL,'公司','fcea920f7412b5da7be0cf42b8c93759','15201686411','[','',0,0),(7,'zxc1',NULL,'公司','e10adc3949ba59abbe56e057f20f883e','15201686410','[','',0,0),(8,'zxcv1',NULL,'公司','e10adc3949ba59abbe56e057f20f883e','15201686444','[','',0,0),(10,'admin','','绿纳橡胶公司','e10adc3949ba59abbe56e057f20f883e','15505111521','[','14722863@163.com',1633755335,0),(12,'亚特兰蒂斯1',NULL,'公司','5d93ceb70e2bf5daa84ec3d0cd2c731a','12345678911','[','',0,0),(13,'zxq1231',NULL,'公司','5d93ceb70e2bf5daa84ec3d0cd2c731a','12345678912','[','',0,0),(14,'k1',NULL,'公司','fcea920f7412b5da7be0cf42b8c93759','15505111523','[','',0,0),(15,'zyt1',NULL,'公司','e10adc3949ba59abbe56e057f20f883e','15505111530','[','',0,0),(18,'测试1',NULL,'公司','e10adc3949ba59abbe56e057f20f883e','74185296300','[','',1633095318,0),(19,'1231',NULL,'公司','e10adc3949ba59abbe56e057f20f883e','99966655544','[','',1633161394,0),(20,'admin1',NULL,'公司','d41d8cd98f00b204e9800998ecf8427e','11122233343','[','',1633169353,0),(22,'qweq1231',NULL,'公司','e10adc3949ba59abbe56e057f20f883e','11223344550','','123456789@qq.com',1633522676,0),(23,'zzza1',NULL,'公司','e10adc3949ba59abbe56e057f20f883e','11556644882','','12384586@qq.com',1633620871,0),(25,'zzz','亚特兰蒂斯','','e10adc3949ba59abbe56e057f20f883e','15505111100','[','741938189@qq.com',1641901573,0);
/*!40000 ALTER TABLE `vue_user` ENABLE KEYS */;
UNLOCK TABLES;

--
-- Table structure for table `vue_user_temp`
--

DROP TABLE IF EXISTS `vue_user_temp`;
/*!40101 SET @saved_cs_client     = @@character_set_client */;
/*!40101 SET character_set_client = utf8 */;
CREATE TABLE `vue_user_temp` (
  `id` int(11) NOT NULL AUTO_INCREMENT,
  `ip` varchar(255) DEFAULT NULL,
  `phone` varchar(11) DEFAULT NULL,
  `send_count` int(11) DEFAULT NULL,
  `add_day` int(11) DEFAULT NULL,
  `add_time` int(11) DEFAULT NULL,
  `sign` varchar(32) DEFAULT NULL,
  `sms_code` varchar(32) DEFAULT NULL,
  PRIMARY KEY (`id`) USING BTREE
) ENGINE=InnoDB AUTO_INCREMENT=70 DEFAULT CHARSET=utf8 ROW_FORMAT=DYNAMIC;
/*!40101 SET character_set_client = @saved_cs_client */;

--
-- Dumping data for table `vue_user_temp`
--

LOCK TABLES `vue_user_temp` WRITE;
/*!40000 ALTER TABLE `vue_user_temp` DISABLE KEYS */;
INSERT INTO `vue_user_temp` VALUES (32,'[','15201686456',1,20200729,1595999226,'f0f910de2b6c0130d71237575b425f4b',NULL),(33,'[','15201686457',2,20200729,1595999644,'0e3c6d5d465e018f24dd82eea1101d4c',NULL),(34,'[','15202686410',1,20200729,1596004092,'95c05218e40295531158082b521d2f9d',NULL),(35,'[','15201686555',1,20200729,1596007423,'e457b6cf770f389a559e29cb2e053bca',NULL),(36,'[','15201686410',1,20200729,1596008681,'b6bb9359df895b77a800e90f45d70c5b',NULL),(37,'[','15201686444',1,20200730,1596113177,'feb427d53c75a8e3a39ae39c1cef9c25',NULL),(38,'[','15505111521',2,20210809,1628472238,'9be538a061075308e704002d47961280',NULL),(39,'[','15505111521',2,20210815,1629041607,'05034fc8de3ccc1476b59c0980229602',NULL),(40,'[','13302222200',1,20210815,1629042759,'d4065400892ce8e31d99e74956f66cfe',NULL),(42,'[','12345678910',5,20210923,1632404836,'5e85c1a21a91262b51891318b987ac88',NULL),(45,'[','12345678911',5,20210923,1632408944,'b53077892fa202819a47f21fe47039e4',NULL),(46,'[','12345678912',1,20210923,1632411270,'3f499ead51219022631a229437a4897c',NULL),(47,'[','15505111523',1,20210923,1632412121,'0c1b2200c60b0d57500d338ef097e90d',NULL),(48,'[','15505111530',1,20210923,1632412505,'9a6650061bd1304336d1ae2f4f832cc5',NULL),(49,'[','15505111527',1,20211001,1633085798,'35d4aeb1dbf626975fb0f9a4fe7ae02f',NULL),(51,'[','11223344556',1,20211001,1633091946,'226e63823dbe4feffb6c3cfb4a1cc7ec',NULL),(52,'[','74185296300',1,20211001,1633092353,'6146fc3dfc46d6d43b9f18a2c5d0dac0',NULL),(53,'[','99966655544',1,20211002,1633161309,'e0d60e477d10114ade6d31102e68f9a2',NULL),(54,'[','77788899912',1,20211002,1633164849,'26c7f8f824e57deffcf532fec209d126',NULL),(55,'[','11122233345',1,20211002,1633165531,'0edc60407dc0d7c7605e5b39e7657a54',NULL),(56,'[','15975348622',1,20211002,1633167741,'2584a4497d512ae6bdd62465fe037bd0',NULL),(57,'[','10005111521',1,20211002,1633169041,'3c38ef3ce01c7d05e3a5f127f0b1a3e8',NULL),(58,'[','11122233343',1,20211002,1633169287,'066f27a9ca1c831504443a561d3ac8fc',NULL),(59,'[','17745412369',1,20211002,1633170394,'35a7c4bd8c101f0b6665a2bc0dd1be8a',NULL),(60,'127.0.0.1','15951474965',1,20211006,1633522925,'b3e47d293e41c79eb8a31592db1d30f8',NULL),(61,'[','15505111520',3,20211006,1633523693,'96444c96782e69f19772904c5afba42a',NULL),(62,'[','12345698701',1,20211008,1633661739,'4da109463d983cfc234eb8673562d48c',NULL),(63,'[','15505111528',1,20211008,1633661943,'8ea9422dcb876fd7648d63b96cf34b58',NULL),(64,'[','12345678999',1,20211008,1633682647,'408060f4b60c42921442d33165f27fcd',NULL),(65,'[','15505111500',5,20220110,1641814796,'c64dce92b77aa68fcf55626c52222b01',NULL),(66,'[','15505111210',1,20220110,1641816210,'ed862ac6a6072267b8077fc0105a926b',NULL),(67,'[','15505111510',1,20220110,1641817662,'678eb5c21a0aa70b32259e8502020458',NULL),(68,'[','15505111100',4,20220111,1641883786,'0499a9917d6bb67233738148b2b14a2d','1779'),(69,'172.20.50.55','15651985215',1,20220607,1654588186,'0feed0a57019c54d3345fc0c5b14aca3','1779');
/*!40000 ALTER TABLE `vue_user_temp` ENABLE KEYS */;
UNLOCK TABLES;
/*!40103 SET TIME_ZONE=@OLD_TIME_ZONE */;

/*!40101 SET SQL_MODE=@OLD_SQL_MODE */;
/*!40014 SET FOREIGN_KEY_CHECKS=@OLD_FOREIGN_KEY_CHECKS */;
/*!40014 SET UNIQUE_CHECKS=@OLD_UNIQUE_CHECKS */;
/*!40101 SET CHARACTER_SET_CLIENT=@OLD_CHARACTER_SET_CLIENT */;
/*!40101 SET CHARACTER_SET_RESULTS=@OLD_CHARACTER_SET_RESULTS */;
/*!40101 SET COLLATION_CONNECTION=@OLD_COLLATION_CONNECTION */;
/*!40111 SET SQL_NOTES=@OLD_SQL_NOTES */;

-- Dump completed on 2023-07-05 18:08:00
